年龄段,其他年龄填写,行业/专业,学生专业方向,水墨喜好程度,AIGC了解程度,A1,A2,A3,A4,A5,A6,A7,A8,A9,A10,A11,A12,A13,A14,A15,A16,A17,A18,A19,A20,A21,A22,A23,A24,A25,A26,A27,A28,A29,A30,A31,A32,A33,A34,A35,B1,B2,B3,B4,B5,B6,B7,B8,B9,B10,B11,B12,B13,B14,B15,系列A最喜欢,系列B最喜欢,综合排序,受欢迎元素,图案应用建议
20-25岁,,艺术/设计类,,非常喜欢,完全不了解,5,3,4,3,3,1,3,2,3,3,3,3,2,5,1,4,3,3,3,5,2,3,5,4,3,5,4,2,5,4,4,4,3,4,4,4,5,5,5,5,2,5,2,4,3,1,5,5,4,3,"A20,A30,A32","B7,B11,B1","A29,A31,B14",色彩淡雅、笔触灵动，意境深远,搭配简洁剪裁，突出图案主体性
20-25岁,,其他,,比较喜欢,有所了解,5,5,2,1,4,4,4,3,3,3,1,3,1,3,5,3,5,2,3,3,4,3,4,1,5,4,4,3,5,5,4,5,2,4,4,4,2,5,4,4,3,5,4,5,4,3,5,2,5,5,"A12,A3,A32,A2","B14,B2","B7,A31,A26,B1",抽象构图结合现代感，符合年轻人口味,建议用于男装外套局部图案，如胸口或袖口
26-30岁,,学生,数字媒体,比较喜欢,听说过，不太了解,5,4,3,2,5,3,2,3,5,4,3,1,1,2,3,3,3,4,1,2,3,2,1,3,4,5,4,3,5,4,5,2,2,4,5,5,4,5,3,5,3,5,3,4,4,2,5,3,5,3,"A9,A16,A8,A33,A34","B8,B2,B4","A26,A34,B12,B7,B1",墨色浓淡相宜，富有层次,在面料上选择质感强烈的织物增强表现力
26-30岁,,文化/创意产业类,,比较喜欢,完全不了解,5,2,5,2,3,2,4,2,2,5,4,2,4,5,1,4,3,3,3,3,1,4,1,3,2,5,3,3,5,5,5,4,1,4,3,5,1,4,2,5,3,5,1,4,3,3,5,2,5,3,"A7,A12,A14","B8,B7,B5","A1,B3,B5,A34,A26",抽象构图结合现代感，符合年轻人口味,在面料上选择质感强烈的织物增强表现力
26-30岁,,时尚/服装类,,一般,听说过，不太了解,4,3,2,3,3,4,2,1,2,2,3,2,4,2,4,3,5,5,4,4,3,4,5,1,3,4,3,3,5,5,5,3,4,4,3,5,2,4,3,5,3,4,3,5,2,2,4,1,4,1,"A16,A18,A10,A24,A31","B14,B5,B1","B7,A1,B9,B12,A30",抽象构图结合现代感，符合年轻人口味,在面料上选择质感强烈的织物增强表现力
20-25岁,,"新媒体/互联网类,其他",,比较喜欢,完全不了解,5,3,5,3,1,5,4,3,3,3,2,2,3,5,1,4,1,3,3,3,1,3,3,1,2,5,3,2,5,5,4,3,1,4,2,5,4,4,3,5,2,5,4,5,4,3,5,2,5,5,"A24,A8,A35,A16,A29","B1,B7,B5","A26,A30,A31,B12",墨色浓淡相宜，富有层次,在面料上选择质感强烈的织物增强表现力
20-25岁,,教育/科研类,,一般,非常了解并关注,5,3,2,1,4,1,2,3,3,3,3,4,5,2,4,5,3,3,2,3,3,4,5,1,1,4,4,2,5,4,5,2,4,5,5,5,2,4,5,5,1,5,3,4,2,4,4,2,4,2,"A27,A3,A18,A6","B8,B12,B7","B12,B1,A26,A29",抽象构图结合现代感，符合年轻人口味,建议用于男装外套局部图案，如胸口或袖口
26-30岁,,学生,平面设计,比较喜欢,完全不了解,4,3,3,3,4,2,4,4,4,1,1,3,4,3,2,1,3,4,2,1,3,3,4,4,3,4,3,5,5,5,4,4,4,5,2,5,3,4,2,5,3,4,4,5,4,2,5,1,4,3,"A21,A30,A2,A4","B11,B8","A29,A1,B1,A30,A31",抽象构图结合现代感，符合年轻人口味,建议用于男装外套局部图案，如胸口或袖口
31-35岁,,"艺术/设计类,新媒体/互联网类",,比较喜欢,有所了解,5,5,2,2,2,4,1,2,3,2,1,3,2,3,5,2,3,5,4,3,3,1,4,5,3,5,2,3,5,5,4,3,3,4,2,4,4,5,4,4,5,5,3,4,2,5,4,3,4,4,"A34,A9,A27","B8,B15,B12","A31,A29,B9",抽象构图结合现代感，符合年轻人口味,搭配简洁剪裁，突出图案主体性
20-25岁,,文化/创意产业类,,比较喜欢,有所了解,5,4,4,4,2,4,2,2,5,4,3,4,5,3,3,4,2,2,4,3,2,3,3,5,3,5,5,5,5,5,5,2,2,5,3,5,3,4,1,5,2,5,3,5,3,3,5,5,5,3,"A27,A24,A12","B15,B7,B10","A1,B14,B5",墨色浓淡相宜，富有层次,建议用于男装外套局部图案，如胸口或袖口
20-25岁,,时尚/服装类,,非常喜欢,有所了解,4,4,3,1,4,3,3,3,2,3,3,3,4,3,2,3,4,1,1,3,3,2,4,3,5,4,4,1,5,5,4,4,1,5,2,5,1,5,4,5,2,5,1,5,4,3,5,1,5,2,"A17,A11,A4","B10,B7,B15","A29,A26,A34,B14",色彩淡雅、笔触灵动，意境深远,建议用于男装外套局部图案，如胸口或袖口
其他,47岁,金融/商业类,,不太喜欢,有所了解,5,3,4,4,1,3,1,5,2,3,4,2,3,3,2,4,2,2,3,3,5,4,3,3,3,4,3,4,4,4,5,1,4,5,3,4,5,4,4,4,4,5,2,5,3,1,4,3,5,4,"A30,A32,A8,A15","B4,B14","A31,B12,B3,B1",墨色浓淡相宜，富有层次,在面料上选择质感强烈的织物增强表现力
26-30岁,,其他,,比较喜欢,有所了解,5,1,3,4,3,1,1,3,5,3,3,3,2,1,2,3,2,1,4,4,5,3,1,4,2,5,4,4,5,5,5,2,5,4,5,4,2,5,1,5,2,5,3,5,3,1,5,2,4,3,"A14,A19,A13","B3,B7,B13","A1,A31,B12",墨色浓淡相宜，富有层次,在面料上选择质感强烈的织物增强表现力
20-25岁,,学生,艺术史,非常喜欢,非常了解并关注,5,1,5,2,2,3,1,3,4,1,4,3,2,2,5,2,4,3,1,3,4,4,3,4,2,5,4,4,5,5,5,3,3,5,2,5,2,4,3,5,3,5,2,5,2,2,5,3,4,3,"A30,A6,A1,A31","B14,B6","B1,B9,A30,B14,B7",抽象构图结合现代感，符合年轻人口味,建议用于男装外套局部图案，如胸口或袖口
20-25岁,,学生,服装设计,非常喜欢,有所了解,5,3,3,4,4,4,5,1,5,5,4,3,4,2,4,2,4,3,1,4,3,3,2,4,3,5,3,4,5,4,4,3,5,5,3,4,3,5,1,5,2,4,1,5,5,1,5,2,5,3,"A4,A22,A16,A31,A23","B1,B5","B7,B1,A31,B12,A34",墨色浓淡相宜，富有层次,建议用于男装外套局部图案，如胸口或袖口
20-25岁,,学生,工业设计,一般,听说过，不太了解,4,3,4,3,3,3,3,3,5,2,3,2,2,3,5,2,5,3,3,2,3,3,3,3,3,5,3,4,5,4,4,4,2,5,3,5,2,5,5,5,2,5,3,5,2,4,5,2,4,2,"A17,A11,A33","B15,B6,B8","A26,A34,B5",色彩饱和度高，具有视觉冲击力,可用于整件服装印花，形成整体风格
20-25岁,,新媒体/互联网类,,比较喜欢,听说过，不太了解,5,2,3,2,3,2,4,2,5,4,3,3,2,4,3,4,1,2,3,2,3,1,4,4,2,5,3,4,5,4,4,3,5,5,2,5,5,4,4,5,3,5,5,4,4,2,5,5,5,3,"A21,A3,A9","B14,B15,B5","A34,B1,A31,B9,B7",抽象构图结合现代感，符合年轻人口味,在面料上选择质感强烈的织物增强表现力
26-30岁,,学生,艺术史,比较喜欢,听说过，不太了解,5,3,3,3,1,3,5,4,3,1,3,4,2,3,5,3,3,3,2,2,5,2,3,3,4,5,1,3,5,5,5,2,5,5,3,5,2,5,1,4,4,5,2,5,3,3,4,4,4,5,"A32,A10,A29,A4","B3,B1","A29,A1,B3",抽象构图结合现代感，符合年轻人口味,可用于整件服装印花，形成整体风格
26-30岁,,教育/科研类,,一般,非常了解并关注,5,3,3,2,1,3,3,3,2,2,4,4,3,3,4,4,1,4,3,4,3,3,3,3,3,5,3,1,4,5,5,4,3,5,2,5,2,5,3,5,1,4,3,5,1,3,5,4,4,2,"A28,A8,A32,A3","B6,B12,B9","B3,B14,A26,A29",色彩淡雅、笔触灵动，意境深远,搭配简洁剪裁，突出图案主体性
26-30岁,,艺术/设计类,,一般,非常了解并关注,4,2,5,3,2,2,4,4,5,3,3,2,2,1,2,3,5,2,5,3,3,3,3,2,3,5,4,3,5,5,5,3,5,5,4,4,3,5,1,4,5,5,2,5,1,3,5,3,5,2,"A19,A12,A11","B10,B11,B15","B7,A1,B5",墨色浓淡相宜，富有层次,在面料上选择质感强烈的织物增强表现力
31-35岁,,"艺术/设计类,新媒体/互联网类",,一般,有所了解,5,2,3,5,2,2,2,3,5,3,2,3,3,1,3,2,4,3,4,5,5,2,5,4,4,4,2,5,4,4,4,5,3,5,3,4,3,5,3,4,2,4,3,4,1,2,4,5,4,1,"A7,A22,A2,A19","B7,B6","A26,A34,A29,A1,B14",色彩饱和度高，具有视觉冲击力,在面料上选择质感强烈的织物增强表现力
20-25岁,,时尚/服装类,,比较喜欢,听说过，不太了解,5,2,2,3,3,5,3,4,2,4,3,3,2,1,4,2,2,2,1,3,3,2,3,4,5,5,3,2,5,5,5,3,3,5,4,5,2,4,4,4,3,5,3,5,4,1,5,4,5,3,"A18,A1,A22,A3,A29","B12,B15,B13","A29,A30,A1,A31,A34",色彩淡雅、笔触灵动，意境深远,建议用于男装外套局部图案，如胸口或袖口
26-30岁,,金融/商业类,,比较喜欢,有所了解,4,3,3,3,1,4,3,3,5,2,4,3,4,3,2,3,3,2,4,3,4,3,3,5,5,4,4,3,4,5,5,5,2,5,4,4,3,5,2,5,2,4,2,5,3,3,5,2,5,3,"A25,A6,A26,A17,A12","B13,B14","A26,A1,A30,A29",色彩饱和度高，具有视觉冲击力,在面料上选择质感强烈的织物增强表现力
20-25岁,,学生,平面设计,非常喜欢,完全不了解,5,4,1,3,5,2,3,5,4,1,3,1,4,3,5,1,3,2,3,2,3,4,2,3,5,5,2,5,4,5,5,4,4,5,2,5,3,5,2,4,4,5,3,5,4,3,5,2,5,5,"A10,A8,A20,A32,A28","B15,B11,B10","A34,B9,A26",抽象构图结合现代感，符合年轻人口味,可用于整件服装印花，形成整体风格
31-35岁,,时尚/服装类,,一般,有所了解,5,3,2,1,3,2,2,3,3,2,2,5,2,3,3,4,3,2,1,4,4,3,2,3,3,5,1,3,4,5,5,5,3,5,2,4,1,4,1,5,3,4,2,4,3,2,5,5,5,3,"A25,A31,A18,A28","B13,B7","B7,A29,B1,B9",色彩淡雅、笔触灵动，意境深远,建议用于男装外套局部图案，如胸口或袖口
26-30岁,,学生,工业设计,非常喜欢,听说过，不太了解,5,3,1,4,2,5,3,3,4,4,3,3,3,5,3,2,2,2,2,2,3,2,3,3,2,4,1,2,5,5,4,3,2,5,3,5,3,4,4,5,5,4,4,5,5,2,5,1,5,3,"A30,A15,A10,A32","B5,B8","A26,B3,A31,A29",墨色浓淡相宜，富有层次,搭配简洁剪裁，突出图案主体性
26-30岁,,其他,,比较喜欢,非常了解并关注,5,3,2,4,2,3,4,5,4,2,4,2,5,4,4,1,3,4,4,1,5,1,3,3,2,4,4,3,4,5,5,3,2,4,4,5,3,5,3,4,5,5,3,5,5,3,4,5,5,3,"A34,A28,A19","B9,B2","B5,A26,B14",色彩饱和度高，具有视觉冲击力,在面料上选择质感强烈的织物增强表现力
26-30岁,,艺术/设计类,,比较喜欢,听说过，不太了解,5,4,4,4,3,2,4,3,2,2,2,4,4,2,4,2,4,3,4,3,3,4,1,5,3,5,3,2,5,5,4,4,3,5,2,5,5,4,3,5,3,5,3,4,5,4,4,3,5,5,"A17,A23,A6,A33","B2,B12","B3,A29,B12,B1,A1",色彩淡雅、笔触灵动，意境深远,在面料上选择质感强烈的织物增强表现力
其他,50岁,教育/科研类,,不太喜欢,听说过，不太了解,4,3,3,3,2,1,2,3,2,4,2,5,4,5,4,2,3,2,5,3,3,4,5,4,3,5,3,1,5,5,4,5,3,5,4,5,1,4,4,5,3,5,2,5,2,2,5,2,5,1,"A21,A30,A29,A17","B15,B14,B13","A30,A29,A26",抽象构图结合现代感，符合年轻人口味,建议用于男装外套局部图案，如胸口或袖口
20-25岁,,时尚/服装类,,非常喜欢,有所了解,5,4,1,5,3,2,1,3,2,3,2,3,3,1,3,4,1,4,3,5,2,5,3,3,3,4,5,3,4,4,4,3,3,5,3,5,3,4,2,4,5,5,5,4,4,3,5,2,5,5,"A2,A1,A26,A8,A11","B8,B12,B7","B12,B7,B3,A31,A34",色彩饱和度高，具有视觉冲击力,搭配简洁剪裁，突出图案主体性
20-25岁,,学生,服装设计,一般,完全不了解,5,2,3,3,4,4,3,2,5,3,5,3,4,4,3,5,1,4,5,3,3,3,4,4,3,5,3,2,5,5,4,3,3,5,1,5,3,5,4,5,5,5,2,5,4,3,5,4,5,5,"A9,A1,A13","B14,B1","A30,A1,B14,B3,A29",墨色浓淡相宜，富有层次,在面料上选择质感强烈的织物增强表现力
20-25岁,,其他,,非常喜欢,听说过，不太了解,4,3,3,4,2,3,3,3,5,4,3,4,3,4,2,4,3,2,2,3,4,1,3,4,3,5,2,3,5,5,5,4,3,5,5,4,4,4,3,5,4,5,5,5,3,3,4,3,5,3,"A35,A13,A6,A20,A30","B8,B7","A26,A29,B12",色彩饱和度高，具有视觉冲击力,在面料上选择质感强烈的织物增强表现力
31-35岁,,"时尚/服装类,艺术/设计类",,一般,有所了解,5,4,3,4,4,3,4,1,1,1,3,2,5,3,3,2,3,3,3,3,3,3,4,1,4,5,3,3,5,4,5,3,5,5,2,5,1,5,4,5,3,5,5,4,4,3,5,4,5,3,"A16,A13,A19,A26","B6,B1","B9,B12,B1",色彩饱和度高，具有视觉冲击力,在面料上选择质感强烈的织物增强表现力
20-25岁,,教育/科研类,,一般,非常了解并关注,5,2,4,2,3,2,3,5,2,1,1,3,3,3,3,1,4,4,5,5,3,3,4,2,3,4,3,3,4,4,5,1,5,4,3,5,1,5,3,5,4,4,2,4,2,3,5,3,5,3,"A19,A3,A32,A26,A33","B4,B12,B1","A1,B1,B7,A34,B5",色彩淡雅、笔触灵动，意境深远,搭配简洁剪裁，突出图案主体性
26-30岁,,学生,视觉传达,非常喜欢,完全不了解,5,1,4,4,3,1,3,4,2,3,3,3,3,3,4,4,3,3,3,4,3,3,5,4,2,5,3,4,4,5,4,2,3,5,3,5,3,5,3,4,2,5,3,5,3,1,5,1,5,2,"A31,A8,A32,A23","B12,B7,B1","A31,B12,A30",色彩饱和度高，具有视觉冲击力,搭配简洁剪裁，突出图案主体性
26-30岁,,学生,数字媒体,不太喜欢,完全不了解,4,2,1,4,3,3,1,4,3,4,4,1,3,3,3,2,4,5,5,4,3,3,1,3,2,4,4,5,5,4,5,2,3,5,3,5,3,5,1,5,3,5,3,5,3,2,5,5,5,2,"A33,A15,A22","B3,B5,B12","B1,B14,B9,A34,B3",墨色浓淡相宜，富有层次,可用于整件服装印花，形成整体风格
20-25岁,,新媒体/互联网类,,比较喜欢,听说过，不太了解,5,3,2,5,3,3,3,3,3,3,3,4,2,2,3,4,2,2,3,3,3,1,1,4,3,5,3,3,5,4,5,1,3,4,2,5,3,5,3,5,1,5,3,4,4,2,5,3,5,1,"A6,A31,A9,A12,A13","B10,B8","B14,B1,B3",抽象构图结合现代感，符合年轻人口味,可用于整件服装印花，形成整体风格
26-30岁,,"文化/创意产业类,教育/科研类",,一般,有所了解,4,2,4,2,3,2,2,2,3,2,1,4,3,2,3,1,3,3,2,2,3,4,2,2,3,5,1,2,4,4,4,1,3,5,3,4,3,5,4,5,3,4,3,4,1,3,5,3,5,2,"A2,A23,A17","B11,B3,B14","A1,A26,A34,B1,B12",墨色浓淡相宜，富有层次,建议用于男装外套局部图案，如胸口或袖口
20-25岁,,金融/商业类,,比较喜欢,非常了解并关注,5,2,4,4,2,4,3,5,5,1,2,3,5,5,3,2,2,4,3,3,3,4,4,3,2,5,5,3,4,4,4,2,3,4,3,4,2,5,3,4,4,4,3,5,4,3,4,3,4,4,"A32,A17,A22","B13,B1,B15","A31,A29,B5,B7,A26",色彩淡雅、笔触灵动，意境深远,在面料上选择质感强烈的织物增强表现力
20-25岁,,其他,,完全不了解/不感兴趣,有所了解,5,3,2,2,4,3,3,2,5,2,2,5,5,2,4,2,1,4,4,2,1,2,4,5,2,5,2,3,4,5,4,5,2,4,4,5,2,5,4,5,2,4,5,4,3,3,4,3,5,1,"A8,A7,A3,A33","B3,B11","A30,A34,A29",抽象构图结合现代感，符合年轻人口味,在面料上选择质感强烈的织物增强表现力
26-30岁,,其他,,非常喜欢,完全不了解,5,2,2,3,3,3,5,3,4,3,2,4,3,2,2,3,3,5,4,2,4,1,2,2,3,4,3,2,4,5,5,3,3,5,4,5,1,4,3,4,3,5,4,4,2,3,4,1,5,3,"A32,A7,A10,A24,A22","B2,B14","B3,B1,A1",墨色浓淡相宜，富有层次,在面料上选择质感强烈的织物增强表现力
31-35岁,,新媒体/互联网类,,非常喜欢,非常了解并关注,4,2,3,4,5,4,3,3,2,3,4,1,3,4,2,5,1,4,3,2,2,4,4,3,5,5,1,3,4,5,4,2,3,4,3,5,1,5,3,4,4,4,2,4,3,3,4,2,5,4,"A33,A11,A6,A18","B12,B13,B7","B9,B14,A30,A29",色彩饱和度高，具有视觉冲击力,可用于整件服装印花，形成整体风格
26-30岁,,学生,艺术史,非常喜欢,听说过，不太了解,4,1,3,4,3,1,3,3,3,2,4,3,3,3,2,2,1,3,3,4,1,5,2,3,1,5,4,5,4,4,5,4,5,4,4,4,3,4,3,5,1,4,3,4,1,3,5,3,4,5,"A27,A30,A34,A24","B8,B3","B12,B5,A26",色彩淡雅、笔触灵动，意境深远,搭配简洁剪裁，突出图案主体性
20-25岁,,新媒体/互联网类,,不太喜欢,有所了解,5,1,5,3,3,2,5,3,1,2,3,2,3,5,3,5,3,4,3,3,3,3,5,3,4,5,3,3,4,4,5,5,2,5,2,5,3,4,1,4,1,4,2,4,2,3,5,2,4,4,"A11,A28,A4,A26","B11,B15","B7,A1,B9",抽象构图结合现代感，符合年轻人口味,在面料上选择质感强烈的织物增强表现力
20-25岁,,时尚/服装类,,非常喜欢,非常了解并关注,4,4,2,5,3,5,2,2,3,1,4,3,3,2,3,3,4,2,5,5,4,3,3,1,5,5,1,3,5,4,4,5,4,5,2,4,3,5,2,5,5,4,2,4,3,2,5,3,5,2,"A20,A21,A23,A1,A18","B12,B7","B9,A30,B5,B7",色彩饱和度高，具有视觉冲击力,搭配简洁剪裁，突出图案主体性
26-30岁,,其他,,完全不了解/不感兴趣,听说过，不太了解,5,2,3,3,5,2,2,3,2,3,5,5,2,2,3,3,3,4,3,2,4,1,1,4,3,5,3,1,4,5,4,3,4,5,4,5,4,5,3,5,4,4,4,5,1,3,4,1,5,3,"A26,A13,A20,A6,A3","B7,B12,B14","A29,B5,B12,A31,A30",色彩淡雅、笔触灵动，意境深远,搭配简洁剪裁，突出图案主体性
26-30岁,,金融/商业类,,非常喜欢,听说过，不太了解,5,4,2,3,4,2,1,4,4,3,2,3,3,3,3,3,4,4,3,2,3,1,3,5,3,4,2,1,4,5,4,2,2,5,3,5,2,5,3,4,2,4,3,4,4,2,5,3,5,4,"A11,A2,A35,A17","B14,B13","B12,B1,B5,A26",色彩淡雅、笔触灵动，意境深远,搭配简洁剪裁，突出图案主体性
20-25岁,,学生,视觉传达,非常喜欢,听说过，不太了解,5,5,5,5,1,2,5,3,2,4,2,4,4,4,2,3,3,3,2,3,3,3,4,3,2,5,4,3,5,4,4,5,5,5,4,5,5,5,3,5,1,5,4,5,4,1,5,2,4,5,"A23,A8,A4,A29,A20","B8,B6","B14,B12,B7",墨色浓淡相宜，富有层次,搭配简洁剪裁，突出图案主体性
20-25岁,,"新媒体/互联网类,时尚/服装类",,比较喜欢,听说过，不太了解,4,3,1,3,5,4,5,4,4,3,3,3,4,2,1,5,1,5,4,3,3,4,2,4,4,4,1,2,4,4,5,3,4,4,3,5,4,5,3,5,3,4,3,5,1,3,5,5,4,2,"A9,A25,A34,A16,A7","B9,B10,B4","B3,A26,A29,B1",色彩饱和度高，具有视觉冲击力,建议用于男装外套局部图案，如胸口或袖口
20-25岁,,艺术/设计类,,一般,听说过，不太了解,5,5,3,5,2,4,3,4,3,4,5,4,4,1,2,5,3,3,3,1,3,3,2,2,3,5,2,3,5,5,5,5,1,4,3,5,3,4,3,4,5,4,5,4,2,2,5,1,5,4,"A28,A9,A31","B8,B2","B9,B5,B1,B7",色彩饱和度高，具有视觉冲击力,搭配简洁剪裁，突出图案主体性
26-30岁,,金融/商业类,,不太喜欢,有所了解,5,5,5,3,4,3,3,2,2,3,3,2,3,3,5,4,3,5,3,3,5,3,3,2,2,5,5,3,5,5,4,3,3,5,1,5,4,5,3,4,3,5,4,4,3,3,4,1,5,3,"A28,A29,A32,A27","B3,B9","B3,B12,B14",墨色浓淡相宜，富有层次,建议用于男装外套局部图案，如胸口或袖口
20-25岁,,学生,视觉传达,非常喜欢,有所了解,5,2,2,4,2,3,5,3,4,3,1,3,3,2,3,5,2,3,3,4,4,4,3,1,3,5,4,5,5,5,5,2,3,5,5,4,5,5,2,4,2,5,1,5,5,3,5,2,5,2,"A30,A31,A3","B9,B6","B7,B1,A26",色彩淡雅、笔触灵动，意境深远,搭配简洁剪裁，突出图案主体性
26-30岁,,学生,工业设计,不太喜欢,听说过，不太了解,5,1,4,3,3,2,4,3,5,4,2,3,5,4,3,5,2,3,4,2,3,4,3,2,3,5,3,4,4,5,5,4,3,4,3,5,3,4,3,5,1,5,1,5,3,2,5,3,4,4,"A3,A34,A10,A8","B5,B6,B15","B3,A1,A29,B9",色彩饱和度高，具有视觉冲击力,建议用于男装外套局部图案，如胸口或袖口
26-30岁,,新媒体/互联网类,,比较喜欢,非常了解并关注,5,3,5,4,5,5,3,2,2,3,3,2,3,3,1,3,2,3,2,4,1,4,3,3,3,4,2,4,5,5,5,3,3,5,4,4,5,4,3,5,5,5,3,4,1,4,5,3,5,3,"A14,A12,A32,A1","B9,B6","A1,B1,B3",抽象构图结合现代感，符合年轻人口味,在面料上选择质感强烈的织物增强表现力
26-30岁,,"新媒体/互联网类,金融/商业类",,一般,有所了解,5,5,3,1,2,2,4,1,1,3,3,3,3,4,2,3,4,3,4,4,4,3,4,4,4,5,2,3,4,4,5,5,5,5,5,5,4,4,3,5,2,5,2,4,1,3,5,4,4,3,"A9,A33,A30,A29","B3,B14,B12","A26,B7,B9,B12",色彩饱和度高，具有视觉冲击力,在面料上选择质感强烈的织物增强表现力
26-30岁,,文化/创意产业类,,非常喜欢,非常了解并关注,5,3,2,2,4,3,3,3,2,3,3,3,4,3,4,2,2,2,3,3,3,4,5,2,1,4,4,2,5,5,4,1,3,4,2,5,3,4,3,4,3,5,4,4,3,4,4,3,5,3,"A22,A35,A3,A29","B11,B2,B3","A1,B7,B9,A31,B5",色彩淡雅、笔触灵动，意境深远,建议用于男装外套局部图案，如胸口或袖口
20-25岁,,"文化/创意产业类,教育/科研类",,比较喜欢,有所了解,4,2,3,2,3,3,1,2,1,3,2,3,3,3,4,3,3,4,2,5,5,2,4,4,5,5,3,1,5,4,4,5,1,5,2,4,3,4,5,4,2,4,3,4,3,3,4,2,5,3,"A4,A34,A13,A31,A33","B2,B11","A29,A1,A31,A30,B7",色彩饱和度高，具有视觉冲击力,建议用于男装外套局部图案，如胸口或袖口
20-25岁,,其他,,一般,听说过，不太了解,4,1,3,4,1,3,4,3,2,3,1,2,1,4,4,3,3,3,2,1,3,4,5,3,3,5,3,3,5,5,5,3,5,5,3,5,4,5,3,4,4,5,3,5,5,4,4,3,4,2,"A21,A26,A3,A32,A2","B7,B3,B15","B5,A34,B1",抽象构图结合现代感，符合年轻人口味,建议用于男装外套局部图案，如胸口或袖口
31-35岁,,艺术/设计类,,非常喜欢,非常了解并关注,5,1,3,3,4,2,3,4,3,1,2,4,4,4,2,4,3,2,5,3,5,4,3,3,3,5,3,4,4,5,4,2,4,4,2,4,3,4,4,5,3,5,2,5,3,2,4,3,5,1,"A35,A11,A19","B3,B5","A29,A31,B1",墨色浓淡相宜，富有层次,建议用于男装外套局部图案，如胸口或袖口
20-25岁,,学生,工业设计,完全不了解/不感兴趣,听说过，不太了解,4,2,4,2,5,2,1,3,3,5,4,3,3,4,3,2,2,2,4,3,2,4,1,3,4,5,2,3,5,5,4,1,4,4,4,5,3,5,1,4,3,4,3,5,4,3,5,2,5,3,"A12,A2,A4,A20","B2,B6,B3","A34,A31,B1,A26",色彩淡雅、笔触灵动，意境深远,可用于整件服装印花，形成整体风格
20-25岁,,学生,艺术史,不太喜欢,听说过，不太了解,5,2,3,5,3,3,5,3,3,3,3,3,3,3,2,2,3,2,4,3,3,2,2,3,5,4,4,2,4,5,5,3,2,4,3,5,2,5,2,5,1,5,2,4,5,4,5,1,5,3,"A16,A32,A33,A25,A8","B1,B6,B8","B1,A26,B3,A1,B14",墨色浓淡相宜，富有层次,建议用于男装外套局部图案，如胸口或袖口
20-25岁,,学生,平面设计,比较喜欢,听说过，不太了解,4,2,2,3,2,2,3,4,3,3,1,5,3,5,5,4,1,3,1,4,4,5,3,3,3,4,3,3,5,5,5,4,3,4,3,5,1,4,5,4,3,5,3,5,4,3,4,5,5,3,"A7,A16,A9,A20,A27","B2,B14,B11","A30,A29,A34,B5,B12",墨色浓淡相宜，富有层次,在面料上选择质感强烈的织物增强表现力
26-30岁,,学生,工业设计,完全不了解/不感兴趣,听说过，不太了解,4,5,4,3,3,2,3,1,3,3,4,4,2,4,3,3,2,4,5,4,5,3,4,3,2,5,3,2,4,4,4,2,2,4,5,5,3,5,3,5,3,5,2,4,3,3,5,3,5,3,"A3,A1,A30,A19","B1,B15","A31,B7,B14,B1",抽象构图结合现代感，符合年轻人口味,可用于整件服装印花，形成整体风格
其他,45岁,其他,,一般,听说过，不太了解,5,1,5,2,3,3,3,3,5,3,5,3,2,2,4,1,3,2,3,4,3,2,2,3,1,5,3,1,5,5,4,3,3,5,4,4,3,5,3,5,3,5,3,5,5,3,5,1,5,2,"A19,A3,A11,A35,A5","B2,B7,B12","A29,B12,B5",抽象构图结合现代感，符合年轻人口味,在面料上选择质感强烈的织物增强表现力
20-25岁,,文化/创意产业类,,比较喜欢,听说过，不太了解,5,3,2,3,3,3,2,1,3,3,3,2,3,4,4,4,1,3,2,3,2,4,3,3,3,4,3,3,5,5,4,4,3,5,3,5,2,5,3,4,1,5,2,4,5,4,4,3,5,4,"A33,A21,A22,A17,A29","B4,B11,B6","A30,B3,B7,A34",色彩淡雅、笔触灵动，意境深远,可用于整件服装印花，形成整体风格
26-30岁,,教育/科研类,,一般,非常了解并关注,4,4,1,3,4,3,1,4,5,4,3,2,1,3,2,4,3,3,4,4,3,5,5,5,4,5,3,2,4,4,4,3,2,5,4,4,2,5,4,5,5,5,3,4,4,2,5,3,5,2,"A31,A1,A12","B9,B12,B14","B14,B1,B5,A26",色彩淡雅、笔触灵动，意境深远,建议用于男装外套局部图案，如胸口或袖口
26-30岁,,其他,,比较喜欢,完全不了解,5,4,4,3,2,2,4,4,2,3,3,2,3,2,1,3,3,1,3,2,1,2,2,2,4,5,2,2,4,5,4,2,3,5,1,5,3,4,3,5,3,4,3,4,4,3,4,3,5,3,"A29,A8,A23,A25,A12","B2,B8","A30,B3,A1,B14",色彩淡雅、笔触灵动，意境深远,搭配简洁剪裁，突出图案主体性
31-35岁,,教育/科研类,,不太喜欢,有所了解,5,4,3,3,5,2,2,3,4,5,2,4,2,5,3,1,1,2,2,4,2,5,3,3,2,5,3,4,5,4,4,4,4,5,3,5,3,4,3,4,3,5,4,5,4,3,5,5,5,3,"A23,A13,A6,A20,A15","B8,B6","A31,B3,B7",墨色浓淡相宜，富有层次,建议用于男装外套局部图案，如胸口或袖口
20-25岁,,学生,艺术史,非常喜欢,完全不了解,5,4,3,3,1,2,3,3,2,4,3,4,1,3,2,4,3,3,5,1,1,4,3,2,3,4,2,3,5,5,5,4,3,5,4,4,3,5,5,4,1,4,3,5,3,4,4,4,4,1,"A26,A8,A18,A33,A32","B9,B4","B12,B7,B9,B14,A29",色彩淡雅、笔触灵动，意境深远,可用于整件服装印花，形成整体风格
26-30岁,,学生,视觉传达,比较喜欢,听说过，不太了解,4,4,3,1,3,4,3,3,5,4,2,4,3,4,3,2,3,3,3,4,4,3,3,3,3,5,3,2,5,5,5,3,2,4,3,5,1,5,3,5,2,4,3,4,5,1,5,5,4,1,"A9,A17,A15","B4,B14,B11","B12,B9,B5",抽象构图结合现代感，符合年轻人口味,在面料上选择质感强烈的织物增强表现力
20-25岁,,艺术/设计类,,比较喜欢,听说过，不太了解,5,1,2,2,3,3,4,4,2,3,2,2,2,2,3,3,2,5,3,1,2,3,5,3,5,5,3,3,5,4,5,1,3,5,3,4,3,5,3,5,4,4,5,5,2,2,4,3,5,4,"A4,A21,A28,A27","B2,B11,B9","B3,A34,B5,A1",墨色浓淡相宜，富有层次,建议用于男装外套局部图案，如胸口或袖口
31-35岁,,新媒体/互联网类,,比较喜欢,非常了解并关注,5,2,3,3,4,2,4,5,4,4,3,3,4,4,3,4,3,2,3,2,3,1,3,4,3,4,3,2,5,5,5,1,3,5,5,4,3,4,3,4,4,4,3,5,5,3,4,2,4,4,"A35,A29,A21,A1","B4,B6,B2","B14,A1,A30,B1,A26",墨色浓淡相宜，富有层次,可用于整件服装印花，形成整体风格
26-30岁,,"文化/创意产业类,时尚/服装类",,一般,听说过，不太了解,5,3,3,3,2,4,4,2,2,1,5,2,3,2,3,4,4,2,3,3,5,2,1,3,2,4,3,4,5,5,5,3,3,5,2,4,3,5,4,4,2,4,2,5,3,4,5,4,5,3,"A5,A7,A2,A31","B13,B1,B10","A34,A31,A30,A26,B3",墨色浓淡相宜，富有层次,搭配简洁剪裁，突出图案主体性
31-35岁,,其他,,一般,完全不了解,5,4,3,2,3,4,1,3,3,3,4,4,3,2,3,3,3,2,3,3,3,3,3,1,5,5,1,3,5,5,5,2,3,5,3,5,2,4,4,5,1,4,4,4,1,2,5,5,5,3,"A22,A34,A16","B13,B10","B3,A26,B9,B14,B12",色彩淡雅、笔触灵动，意境深远,建议用于男装外套局部图案，如胸口或袖口
20-25岁,,学生,服装设计,一般,非常了解并关注,5,3,2,3,3,4,2,2,3,5,2,5,4,4,1,3,1,3,5,2,3,1,4,2,2,4,4,2,4,4,5,3,4,5,2,5,2,5,3,5,2,4,4,5,1,2,5,4,5,2,"A21,A5,A9,A4","B1,B5,B10","B1,A26,B12,A1,B5",色彩淡雅、笔触灵动，意境深远,搭配简洁剪裁，突出图案主体性
20-25岁,,学生,数字媒体,一般,非常了解并关注,4,1,3,3,3,4,4,3,5,3,2,5,1,3,3,3,3,2,3,4,2,3,2,4,4,5,2,1,4,4,5,5,3,5,1,5,2,5,1,5,2,4,3,4,3,5,5,4,4,3,"A7,A27,A15,A1","B7,B8,B13","B7,B14,A26,A34",色彩淡雅、笔触灵动，意境深远,在面料上选择质感强烈的织物增强表现力
20-25岁,,金融/商业类,,一般,有所了解,4,3,3,2,1,4,1,4,2,1,3,3,3,3,2,3,3,3,4,4,3,4,5,3,2,5,2,1,4,5,5,3,5,4,1,5,5,5,1,4,2,4,1,5,3,3,4,1,5,4,"A13,A7,A1,A5","B15,B10","B9,B5,A31",抽象构图结合现代感，符合年轻人口味,在面料上选择质感强烈的织物增强表现力
26-30岁,,时尚/服装类,,非常喜欢,有所了解,5,3,2,3,3,5,2,2,3,3,3,5,4,3,2,3,3,4,5,3,3,1,1,2,1,5,3,3,5,5,5,2,5,4,5,4,3,4,1,5,4,4,3,4,3,5,5,3,4,2,"A29,A12,A16,A9,A3","B3,B5","B1,B5,B9,A34,A31",墨色浓淡相宜，富有层次,可用于整件服装印花，形成整体风格
26-30岁,,学生,平面设计,比较喜欢,有所了解,4,1,4,5,2,3,2,5,1,3,4,2,3,1,4,2,5,5,4,3,4,2,3,1,3,5,5,3,5,5,5,3,2,5,3,5,5,5,3,4,2,4,3,5,3,3,4,3,5,4,"A22,A19,A24,A1,A34","B1,B4","B5,A1,B1,A34,A30",墨色浓淡相宜，富有层次,可用于整件服装印花，形成整体风格
20-25岁,,其他,,一般,非常了解并关注,5,1,3,3,2,5,1,4,3,4,3,2,3,3,4,5,1,3,3,3,5,1,3,3,2,5,1,3,5,4,4,5,5,5,5,4,2,4,4,5,3,5,3,4,2,2,4,3,5,2,"A22,A13,A31","B10,B12,B6","B7,A34,B14,A31,B1",抽象构图结合现代感，符合年轻人口味,可用于整件服装印花，形成整体风格
26-30岁,,艺术/设计类,,一般,完全不了解,4,2,3,2,3,2,3,5,2,5,2,2,3,4,4,4,2,1,2,3,5,5,2,4,3,4,3,3,5,4,5,3,2,4,4,5,4,4,3,4,2,5,3,4,2,3,5,4,5,3,"A3,A32,A15,A1","B12,B4","B7,A30,B12,B3",抽象构图结合现代感，符合年轻人口味,在面料上选择质感强烈的织物增强表现力
20-25岁,,"文化/创意产业类,金融/商业类",,一般,听说过，不太了解,5,1,5,4,4,1,3,1,3,3,4,2,3,2,3,5,4,3,2,3,2,3,2,4,1,4,3,5,5,5,4,2,4,5,3,4,2,5,2,5,5,5,2,4,1,3,5,2,4,1,"A1,A24,A5","B1,B9,B2","A31,B3,A30",抽象构图结合现代感，符合年轻人口味,建议用于男装外套局部图案，如胸口或袖口
其他,36岁,文化/创意产业类,,不太喜欢,听说过，不太了解,5,3,4,2,3,4,1,2,2,2,2,3,2,2,5,3,2,3,4,4,2,5,4,4,2,4,3,1,4,4,5,1,1,5,1,5,3,5,4,5,5,5,3,4,3,3,5,3,4,3,"A19,A12,A15","B12,B3,B6","A30,A29,B14,A1,B12",抽象构图结合现代感，符合年轻人口味,建议用于男装外套局部图案，如胸口或袖口
26-30岁,,学生,服装设计,比较喜欢,听说过，不太了解,5,1,3,1,3,2,3,4,2,4,3,2,3,3,2,4,4,4,3,2,4,3,4,4,4,4,5,3,5,5,4,3,4,4,3,5,3,5,5,4,4,5,3,4,3,5,4,3,5,4,"A9,A25,A8,A22,A14","B8,B4,B6","B9,A29,B5,B7",色彩饱和度高，具有视觉冲击力,建议用于男装外套局部图案，如胸口或袖口
26-30岁,,艺术/设计类,,一般,有所了解,4,3,1,3,2,2,3,4,2,3,4,2,5,4,2,5,3,2,3,3,3,4,2,5,4,5,1,3,5,5,5,5,3,5,1,4,2,5,5,4,3,5,3,5,3,3,5,3,4,2,"A9,A13,A35","B12,B6,B14","B1,B9,A30,A1,B12",抽象构图结合现代感，符合年轻人口味,可用于整件服装印花，形成整体风格
20-25岁,,新媒体/互联网类,,一般,完全不了解,5,3,3,3,2,3,3,3,3,3,3,3,2,3,3,4,2,3,3,2,3,3,3,2,3,4,3,4,4,5,5,3,3,5,1,4,3,4,2,4,2,4,2,4,4,1,5,3,5,1,"A4,A18,A9","B4,B12,B2","B14,B9,B7,A26",墨色浓淡相宜，富有层次,在面料上选择质感强烈的织物增强表现力
31-35岁,,其他,,非常喜欢,听说过，不太了解,5,3,3,2,3,2,3,1,1,3,3,3,4,2,3,4,4,4,1,2,3,3,1,3,3,4,2,1,4,5,4,4,2,5,3,4,3,4,3,4,3,5,3,5,2,4,5,5,4,4,"A33,A24,A32,A34,A30","B6,B12","B5,B12,B3,B9",色彩饱和度高，具有视觉冲击力,搭配简洁剪裁，突出图案主体性
31-35岁,,金融/商业类,,完全不了解/不感兴趣,完全不了解,5,3,4,1,2,5,4,5,3,3,5,3,4,3,2,1,3,3,2,3,3,4,1,3,1,4,2,3,4,4,4,5,5,4,3,5,1,4,1,5,4,4,1,5,3,3,4,4,4,4,"A3,A14,A15,A13","B14,B4,B7","A31,B1,B12",墨色浓淡相宜，富有层次,搭配简洁剪裁，突出图案主体性
20-25岁,,学生,平面设计,比较喜欢,听说过，不太了解,4,1,3,3,4,3,1,3,3,5,3,3,3,3,3,3,4,3,2,2,3,1,3,3,3,5,3,5,5,5,4,3,1,5,3,5,2,5,3,5,5,5,2,5,3,4,5,2,5,2,"A6,A9,A19,A29,A34","B4,B10,B1","B5,B7,A34,B1",色彩饱和度高，具有视觉冲击力,在面料上选择质感强烈的织物增强表现力
26-30岁,,学生,数字媒体,比较喜欢,听说过，不太了解,5,5,2,3,4,1,2,1,5,4,3,2,1,3,5,3,3,3,5,3,5,1,4,3,3,5,1,2,5,4,5,3,3,5,4,5,1,5,4,5,4,4,4,4,2,1,4,3,4,2,"A24,A32,A21,A18","B1,B3,B8","A31,B9,A26",抽象构图结合现代感，符合年轻人口味,建议用于男装外套局部图案，如胸口或袖口
20-25岁,,新媒体/互联网类,,比较喜欢,听说过，不太了解,5,3,5,1,3,3,4,4,1,4,4,2,2,4,2,1,2,1,2,3,2,5,2,3,5,5,3,3,5,5,4,3,4,5,4,5,2,5,3,5,4,5,1,5,3,3,4,4,5,3,"A33,A35,A6,A18,A15","B2,B15","A1,B5,A30,A34",墨色浓淡相宜，富有层次,搭配简洁剪裁，突出图案主体性
20-25岁,,学生,平面设计,非常喜欢,有所了解,5,2,4,3,3,3,3,3,4,3,2,4,4,3,3,3,3,3,5,2,3,4,3,4,3,4,4,3,5,4,5,3,2,5,3,4,3,5,2,5,3,4,3,5,5,2,4,1,5,3,"A18,A13,A9,A35","B1,B13,B5","A34,B1,B12,B7",色彩淡雅、笔触灵动，意境深远,在面料上选择质感强烈的织物增强表现力
26-30岁,,教育/科研类,,比较喜欢,完全不了解,4,3,4,3,1,5,2,2,3,3,4,3,3,3,3,5,4,3,1,5,2,2,2,2,4,5,5,2,5,5,5,4,2,5,3,5,3,5,4,5,1,5,3,4,3,2,5,5,4,3,"A10,A26,A15,A14,A31","B9,B10","B14,B3,B12,A34,A26",抽象构图结合现代感，符合年轻人口味,可用于整件服装印花，形成整体风格
26-30岁,,学生,数字媒体,不太喜欢,有所了解,5,1,2,3,3,4,1,3,2,4,4,3,2,3,2,2,3,5,4,3,3,5,3,3,5,4,1,3,4,4,5,3,5,4,3,4,3,5,3,4,3,5,2,5,3,5,5,4,5,4,"A27,A14,A29,A2,A24","B10,B14","A31,B12,A1",色彩饱和度高，具有视觉冲击力,搭配简洁剪裁，突出图案主体性
20-25岁,,学生,平面设计,比较喜欢,听说过，不太了解,5,3,2,3,5,3,3,2,1,3,1,4,3,3,3,5,1,3,5,5,3,3,1,2,3,4,4,3,4,4,5,1,4,5,5,5,4,5,3,5,2,4,4,5,3,3,5,3,5,5,"A27,A28,A26","B6,B10,B1","B14,A1,A29,B9,A34",色彩饱和度高，具有视觉冲击力,在面料上选择质感强烈的织物增强表现力
20-25岁,,学生,艺术史,一般,有所了解,5,3,4,1,1,3,3,2,3,5,2,4,4,4,5,3,3,3,3,2,3,2,4,5,4,4,1,4,4,5,5,3,2,4,2,5,5,4,2,5,3,5,2,5,5,4,4,3,5,4,"A5,A35,A25,A13","B2,B6,B10","B9,A31,A26,A29",色彩淡雅、笔触灵动，意境深远,可用于整件服装印花，形成整体风格
26-30岁,,艺术/设计类,,完全不了解/不感兴趣,非常了解并关注,4,1,4,1,3,3,2,4,1,3,3,3,2,5,5,3,3,3,4,3,1,4,3,3,3,4,5,4,4,5,5,2,3,5,2,4,2,5,3,4,3,4,3,4,3,3,5,4,4,5,"A32,A2,A12,A13,A5","B5,B4,B14","B9,B5,A26,B3",色彩淡雅、笔触灵动，意境深远,搭配简洁剪裁，突出图案主体性
31-35岁,,金融/商业类,,比较喜欢,非常了解并关注,5,5,2,3,4,5,2,2,2,3,5,3,5,4,3,1,3,1,3,1,2,3,3,2,4,5,3,4,5,5,4,2,1,5,3,5,2,5,3,4,3,5,4,4,4,1,5,1,5,1,"A11,A21,A27","B3,B2,B15","B1,B3,A26,B14,A30",墨色浓淡相宜，富有层次,可用于整件服装印花，形成整体风格
20-25岁,,新媒体/互联网类,,一般,非常了解并关注,5,5,3,4,5,3,3,3,1,3,5,3,5,4,5,5,4,4,4,4,4,4,3,3,2,4,3,4,5,4,5,5,4,5,2,4,3,4,2,5,4,4,3,4,1,4,4,4,5,3,"A31,A11,A20,A13","B5,B4,B1","B3,A26,B1",墨色浓淡相宜，富有层次,搭配简洁剪裁，突出图案主体性
26-30岁,,学生,工业设计,比较喜欢,听说过，不太了解,5,2,3,3,3,4,3,4,1,4,3,1,3,3,2,4,5,3,3,2,5,3,2,3,1,4,1,2,4,5,5,3,3,5,3,4,3,4,3,5,3,5,4,5,4,2,5,3,5,3,"A30,A3,A6,A19","B6,B12,B14","B1,B7,A29,B14",墨色浓淡相宜，富有层次,可用于整件服装印花，形成整体风格
20-25岁,,金融/商业类,,比较喜欢,非常了解并关注,5,3,3,3,4,1,4,4,3,3,2,2,1,2,3,2,3,3,3,4,3,1,2,4,3,5,4,2,5,5,4,2,3,5,3,5,2,5,4,5,4,4,4,4,4,4,5,2,5,3,"A28,A30,A25,A12,A7","B12,B1,B4","A31,B9,B5",抽象构图结合现代感，符合年轻人口味,建议用于男装外套局部图案，如胸口或袖口
其他,47岁,教育/科研类,,比较喜欢,有所了解,4,2,2,2,1,4,3,4,3,4,3,1,3,3,3,4,4,3,4,3,2,3,4,3,5,4,4,4,5,4,4,3,3,5,2,5,2,5,4,4,4,4,3,5,2,2,5,3,4,4,"A14,A32,A27,A8,A24","B13,B2","B14,A34,B1,B3,A29",抽象构图结合现代感，符合年轻人口味,可用于整件服装印花，形成整体风格
20-25岁,,金融/商业类,,非常喜欢,非常了解并关注,5,1,1,4,3,3,3,3,3,3,5,3,3,1,2,2,3,3,1,4,3,5,3,4,4,5,3,3,5,5,4,3,2,4,1,5,2,5,4,5,5,4,4,4,5,2,5,1,5,2,"A30,A2,A5","B7,B6,B12","A30,B1,A1,B9",抽象构图结合现代感，符合年轻人口味,建议用于男装外套局部图案，如胸口或袖口
26-30岁,,教育/科研类,,一般,有所了解,4,3,2,4,2,3,3,3,3,2,1,5,3,4,3,3,2,3,3,3,5,2,4,3,2,4,3,3,4,5,4,3,2,5,2,5,2,4,2,4,4,5,2,4,2,5,5,3,5,4,"A21,A30,A32","B2,B15,B9","A30,B12,B3,A29,B9",抽象构图结合现代感，符合年轻人口味,可用于整件服装印花，形成整体风格
26-30岁,,文化/创意产业类,,非常喜欢,听说过，不太了解,5,3,2,3,3,3,3,3,3,5,4,3,3,3,4,3,4,2,2,2,3,3,2,3,1,4,3,4,5,5,4,2,1,5,3,5,5,4,3,5,4,5,4,5,4,3,4,3,5,3,"A7,A12,A19","B9,B12","A29,A26,B9,A1",抽象构图结合现代感，符合年轻人口味,可用于整件服装印花，形成整体风格
20-25岁,,学生,数字媒体,比较喜欢,完全不了解,4,3,3,4,4,5,3,4,2,3,4,3,4,3,3,3,3,2,1,4,5,1,3,3,3,5,3,3,5,5,4,3,3,5,3,5,3,5,3,5,3,4,4,4,1,3,4,3,4,4,"A12,A14,A3,A35","B8,B12","B9,B5,B14",色彩淡雅、笔触灵动，意境深远,在面料上选择质感强烈的织物增强表现力
20-25岁,,教育/科研类,,比较喜欢,非常了解并关注,5,1,1,2,2,4,3,3,5,2,3,4,4,1,3,2,3,3,4,2,2,2,2,1,5,4,2,3,5,5,5,1,4,5,3,5,4,5,2,5,5,5,2,5,1,4,5,3,5,3,"A29,A4,A1,A25","B15,B4","A30,B14,A26,A1",色彩饱和度高，具有视觉冲击力,建议用于男装外套局部图案，如胸口或袖口
31-35岁,,艺术/设计类,,一般,有所了解,5,4,5,1,1,3,3,3,5,2,1,2,4,2,3,3,3,1,3,3,5,4,3,5,1,5,3,3,4,5,4,3,2,5,3,5,4,4,1,4,5,5,4,5,5,3,5,4,5,3,"A13,A5,A15,A7","B12,B3","B1,B5,A26",抽象构图结合现代感，符合年轻人口味,搭配简洁剪裁，突出图案主体性
26-30岁,,金融/商业类,,一般,听说过，不太了解,4,2,4,3,3,2,3,2,3,3,3,5,1,2,1,2,2,4,3,5,1,3,5,2,3,5,3,3,4,5,5,2,5,5,3,5,3,4,3,5,3,5,1,4,3,3,4,4,4,1,"A13,A14,A35,A26,A28","B4,B15","A34,B14,A29",色彩淡雅、笔触灵动，意境深远,在面料上选择质感强烈的织物增强表现力
其他,46岁,新媒体/互联网类,,比较喜欢,非常了解并关注,5,4,3,1,3,2,4,2,4,3,3,4,1,4,2,3,3,4,1,3,3,3,2,3,2,5,4,4,4,5,4,3,5,4,3,5,3,5,2,5,2,5,3,5,2,3,5,2,5,2,"A25,A14,A30","B2,B11","B9,B7,A34,A1",色彩淡雅、笔触灵动，意境深远,可用于整件服装印花，形成整体风格
20-25岁,,学生,数字媒体,比较喜欢,完全不了解,4,4,3,3,3,5,4,5,4,2,5,5,2,5,3,5,5,4,4,2,2,2,1,3,3,4,4,4,5,5,4,2,3,5,3,5,3,4,4,4,3,5,2,5,3,4,4,4,4,3,"A32,A7,A35,A11","B2,B10,B6","B12,B1,B9,A29,A34",墨色浓淡相宜，富有层次,搭配简洁剪裁，突出图案主体性
20-25岁,,学生,视觉传达,比较喜欢,非常了解并关注,5,1,4,2,4,4,3,3,3,5,3,5,3,4,3,4,2,3,3,3,3,3,2,3,3,4,4,1,4,5,5,3,4,5,4,4,4,5,3,4,5,5,4,4,1,3,5,4,4,2,"A5,A22,A2,A29","B9,B11,B12","B5,B7,A1",墨色浓淡相宜，富有层次,建议用于男装外套局部图案，如胸口或袖口
20-25岁,,金融/商业类,,完全不了解/不感兴趣,非常了解并关注,5,3,2,4,3,3,3,2,4,3,4,3,2,3,5,5,3,2,4,4,4,1,1,3,2,5,3,4,4,5,5,3,3,5,4,4,4,5,4,5,2,5,4,5,3,5,5,5,5,4,"A20,A16,A28","B10,B2","A29,A34,B3",抽象构图结合现代感，符合年轻人口味,可用于整件服装印花，形成整体风格
26-30岁,,"文化/创意产业类,金融/商业类",,非常喜欢,有所了解,5,3,2,3,3,3,5,3,3,3,4,3,3,3,4,1,2,2,5,1,4,3,3,4,3,5,2,3,5,5,5,5,5,5,3,5,5,5,4,4,2,4,2,5,2,3,4,2,4,5,"A3,A16,A29","B3,B5,B6","B14,A1,B5,B1,A31",色彩淡雅、笔触灵动，意境深远,可用于整件服装印花，形成整体风格
26-30岁,,其他,,完全不了解/不感兴趣,有所了解,4,3,1,2,3,1,4,4,2,4,4,3,3,2,1,3,3,2,3,5,4,4,4,4,1,5,4,2,5,5,4,2,1,5,1,4,1,5,5,5,2,5,4,5,4,2,4,2,5,3,"A22,A16,A14,A35,A4","B13,B11","B12,A30,B7,B1,B5",抽象构图结合现代感，符合年轻人口味,可用于整件服装印花，形成整体风格
26-30岁,,时尚/服装类,,非常喜欢,非常了解并关注,5,5,3,4,2,2,3,4,3,3,1,3,5,2,4,4,4,5,3,3,2,3,3,2,5,5,2,2,4,5,5,3,2,4,3,5,2,4,2,5,3,5,3,5,2,1,5,1,4,1,"A1,A5,A32,A13,A4","B4,B3","A29,B7,B5",墨色浓淡相宜，富有层次,可用于整件服装印花，形成整体风格
20-25岁,,学生,工业设计,一般,有所了解,4,2,3,4,2,4,3,3,3,4,3,1,3,2,5,2,3,2,2,3,3,3,1,4,1,5,3,3,4,5,4,2,3,4,3,5,5,5,2,4,3,5,2,5,2,3,4,4,4,2,"A28,A30,A20","B12,B4","B1,A29,B7",墨色浓淡相宜，富有层次,搭配简洁剪裁，突出图案主体性
20-25岁,,新媒体/互联网类,,非常喜欢,听说过，不太了解,4,3,3,3,1,4,3,5,4,5,3,2,4,4,4,3,3,4,4,1,3,3,1,5,3,5,4,2,5,5,5,3,1,5,3,5,3,5,3,5,4,5,4,4,4,3,5,3,5,2,"A29,A13,A18,A31,A6","B7,B15,B3","B3,B1,B5,B7",色彩饱和度高，具有视觉冲击力,可用于整件服装印花，形成整体风格
20-25岁,,学生,数字媒体,比较喜欢,非常了解并关注,4,2,2,4,3,5,3,4,3,3,3,3,3,4,4,3,5,5,3,4,1,1,1,4,1,4,2,3,5,4,5,2,2,5,5,5,3,5,3,5,3,4,3,5,3,2,5,2,5,3,"A25,A28,A6","B10,B9,B3","B12,A29,A31,B1,B3",抽象构图结合现代感，符合年轻人口味,在面料上选择质感强烈的织物增强表现力
20-25岁,,学生,平面设计,一般,有所了解,5,3,5,5,4,5,2,5,2,3,2,5,3,3,5,3,3,1,4,5,5,2,2,3,3,4,3,4,5,4,4,2,3,5,3,5,3,5,4,5,3,5,3,5,3,2,5,3,5,4,"A31,A5,A22,A9","B4,B3,B15","A1,B5,A34",色彩饱和度高，具有视觉冲击力,在面料上选择质感强烈的织物增强表现力
20-25岁,,时尚/服装类,,不太喜欢,听说过，不太了解,5,4,4,3,2,3,1,2,5,3,4,3,3,1,5,1,3,2,2,2,3,4,3,3,5,5,4,3,5,5,4,1,2,4,4,5,5,5,4,4,3,5,4,5,3,2,5,4,5,2,"A24,A25,A32,A20","B7,B1","B1,B7,A29",墨色浓淡相宜，富有层次,在面料上选择质感强烈的织物增强表现力
20-25岁,,新媒体/互联网类,,比较喜欢,听说过，不太了解,4,1,4,3,4,3,1,1,2,4,3,5,4,3,5,3,2,4,2,5,5,5,5,3,3,4,4,2,5,5,4,1,3,5,4,5,4,4,3,5,2,5,4,5,3,5,4,5,4,3,"A23,A33,A32,A24,A4","B15,B7,B12","A30,B3,A1",抽象构图结合现代感，符合年轻人口味,建议用于男装外套局部图案，如胸口或袖口
20-25岁,,教育/科研类,,非常喜欢,有所了解,4,2,3,2,2,2,2,3,3,3,2,3,3,3,3,2,2,3,1,3,3,5,3,3,3,4,3,3,5,5,4,2,3,5,2,5,3,5,2,5,4,5,5,5,3,3,4,2,4,3,"A10,A17,A30,A16,A11","B2,B13","B9,B12,B1",色彩饱和度高，具有视觉冲击力,建议用于男装外套局部图案，如胸口或袖口
20-25岁,,学生,工业设计,一般,听说过，不太了解,5,3,2,1,4,2,3,3,5,3,3,3,5,3,1,3,3,1,3,4,3,3,3,3,3,4,1,2,5,5,4,3,5,4,3,4,3,5,4,5,3,5,1,4,5,2,4,3,5,3,"A28,A11,A17","B9,B15,B11","B7,A31,B1,A26",色彩淡雅、笔触灵动，意境深远,搭配简洁剪裁，突出图案主体性
26-30岁,,其他,,一般,完全不了解,5,3,4,4,2,2,5,3,3,3,3,4,3,3,1,5,4,4,3,3,4,4,4,3,3,5,3,3,5,5,5,2,4,4,5,4,4,5,1,5,5,4,3,5,2,5,4,3,4,2,"A18,A14,A26","B1,B3,B8","A26,B14,B1",色彩饱和度高，具有视觉冲击力,搭配简洁剪裁，突出图案主体性
20-25岁,,教育/科研类,,非常喜欢,听说过，不太了解,5,2,1,1,2,3,4,5,4,3,3,5,3,3,3,3,3,4,2,1,3,2,3,3,3,5,3,3,5,4,5,3,3,4,3,5,2,5,5,4,1,4,2,4,4,2,5,1,4,2,"A11,A12,A24,A9","B8,B3","A26,B3,B7,A30,A29",墨色浓淡相宜，富有层次,建议用于男装外套局部图案，如胸口或袖口
20-25岁,,学生,视觉传达,一般,听说过，不太了解,4,4,2,2,4,5,4,2,5,3,3,5,4,3,4,3,3,2,5,3,4,3,4,3,3,5,2,3,5,4,4,2,2,5,5,5,1,5,3,5,3,4,3,5,4,4,4,4,5,2,"A13,A17,A27","B11,B10,B2","A29,A26,A31,B12,B1",色彩淡雅、笔触灵动，意境深远,搭配简洁剪裁，突出图案主体性
20-25岁,,学生,服装设计,非常喜欢,有所了解,4,1,4,1,3,3,2,5,3,4,3,4,5,3,3,3,5,2,3,2,5,3,4,4,3,5,3,3,5,4,4,5,2,5,1,5,1,5,1,5,3,5,3,5,4,2,4,1,4,3,"A2,A16,A31,A32","B1,B15","B14,A1,B9,B7",色彩淡雅、笔触灵动，意境深远,建议用于男装外套局部图案，如胸口或袖口
31-35岁,,文化/创意产业类,,比较喜欢,非常了解并关注,5,2,4,2,4,4,3,4,3,2,2,2,3,4,1,5,5,4,5,4,3,3,3,2,2,5,2,5,5,4,4,3,3,4,5,4,3,4,5,5,3,5,3,4,3,2,5,3,5,2,"A1,A25,A34,A18,A32","B13,B6,B10","A34,B14,B9,B12",抽象构图结合现代感，符合年轻人口味,可用于整件服装印花，形成整体风格
20-25岁,,新媒体/互联网类,,完全不了解/不感兴趣,有所了解,4,4,2,2,2,3,2,4,1,2,3,3,5,5,2,5,3,3,4,5,2,2,3,2,3,5,4,3,4,5,4,4,5,5,3,4,1,5,5,4,1,5,2,4,5,1,4,3,5,3,"A26,A25,A4,A23,A22","B1,B8","B1,B12,A29,A1,A26",抽象构图结合现代感，符合年轻人口味,可用于整件服装印花，形成整体风格
20-25岁,,新媒体/互联网类,,非常喜欢,非常了解并关注,5,4,4,4,4,1,4,4,3,2,3,3,2,3,4,4,1,2,3,4,3,4,1,3,5,5,5,3,5,4,4,2,3,4,4,5,3,4,5,5,4,5,5,5,4,3,5,3,5,3,"A31,A33,A27,A13","B11,B14","A1,B9,A34,B14",抽象构图结合现代感，符合年轻人口味,在面料上选择质感强烈的织物增强表现力
26-30岁,,学生,艺术史,一般,听说过，不太了解,5,3,4,5,3,4,3,5,3,3,3,3,2,4,2,3,3,4,4,4,5,3,4,2,4,4,5,3,4,4,4,3,3,5,3,4,4,4,4,5,3,4,2,5,3,5,5,4,5,2,"A32,A26,A6,A23,A28","B11,B14,B12","B12,B1,A31",墨色浓淡相宜，富有层次,可用于整件服装印花，形成整体风格
20-25岁,,学生,工业设计,比较喜欢,有所了解,5,5,4,3,1,3,3,3,3,3,5,1,4,3,4,3,1,2,2,2,4,2,3,2,3,5,3,3,5,4,5,3,2,5,2,5,1,4,3,5,4,4,4,5,3,4,5,1,4,1,"A33,A3,A9,A32,A6","B14,B11,B9","A29,B3,A26,B12",墨色浓淡相宜，富有层次,可用于整件服装印花，形成整体风格
26-30岁,,学生,艺术史,比较喜欢,有所了解,5,5,2,3,5,2,3,1,2,5,3,3,2,1,4,3,1,5,3,3,3,1,3,3,2,5,3,4,4,5,5,2,5,5,4,5,1,4,2,5,3,5,2,5,1,3,4,4,5,1,"A6,A7,A28,A2,A11","B15,B7,B13","A30,B12,A31,B3",色彩淡雅、笔触灵动，意境深远,可用于整件服装印花，形成整体风格
26-30岁,,金融/商业类,,比较喜欢,有所了解,4,3,3,3,3,1,2,5,5,4,2,5,2,4,2,3,4,4,4,5,3,3,3,1,4,5,2,1,4,5,4,2,1,4,4,5,3,4,4,5,3,4,5,5,5,3,5,3,5,5,"A32,A6,A22,A15,A5","B7,B12,B14","B12,B1,B9,B5,B14",墨色浓淡相宜，富有层次,可用于整件服装印花，形成整体风格
20-25岁,,新媒体/互联网类,,一般,听说过，不太了解,5,3,2,1,2,3,5,3,3,4,4,3,2,2,3,4,4,3,4,4,5,4,2,1,3,5,3,2,5,4,5,3,1,4,2,4,4,4,4,4,1,5,3,5,3,1,4,3,4,3,"A19,A6,A8","B6,B12","A30,B12,A26,B7,A34",墨色浓淡相宜，富有层次,搭配简洁剪裁，突出图案主体性
26-30岁,,学生,数字媒体,非常喜欢,听说过，不太了解,5,2,2,5,3,2,2,2,3,3,3,2,3,1,4,2,4,3,3,2,3,4,2,2,3,4,3,1,5,5,4,3,3,4,3,5,1,5,3,4,4,4,3,4,4,4,5,2,4,3,"A1,A20,A4,A35,A13","B7,B6,B13","B14,B9,A29,B5",墨色浓淡相宜，富有层次,建议用于男装外套局部图案，如胸口或袖口
20-25岁,,时尚/服装类,,一般,有所了解,4,4,4,3,1,3,4,1,3,3,3,4,3,3,3,2,3,4,5,3,1,5,3,5,2,4,2,4,5,5,4,2,3,5,3,4,3,4,3,5,5,5,3,4,5,1,4,5,5,3,"A35,A30,A21","B14,B5","B3,B9,B14",墨色浓淡相宜，富有层次,搭配简洁剪裁，突出图案主体性
20-25岁,,文化/创意产业类,,非常喜欢,非常了解并关注,4,5,3,3,5,2,1,3,3,3,1,3,2,2,2,3,3,3,5,5,3,5,5,3,3,5,3,2,5,4,4,2,2,4,4,4,1,4,3,5,2,4,3,5,2,3,5,3,5,1,"A3,A21,A20,A33,A8","B14,B12,B10","B9,A30,B3,A31",色彩饱和度高，具有视觉冲击力,建议用于男装外套局部图案，如胸口或袖口
20-25岁,,其他,,非常喜欢,完全不了解,5,2,3,2,2,2,3,4,3,3,3,3,4,3,3,3,4,2,2,3,4,3,5,2,3,5,3,4,5,5,5,5,3,5,5,5,4,4,2,5,2,5,4,4,1,3,4,3,5,1,"A10,A14,A15,A4","B14,B8","B1,A31,B9,A29,A1",色彩饱和度高，具有视觉冲击力,搭配简洁剪裁，突出图案主体性
20-25岁,,时尚/服装类,,比较喜欢,完全不了解,5,2,3,4,3,4,3,2,3,3,3,1,1,5,2,2,4,3,2,3,3,3,5,2,3,4,3,4,4,5,4,2,3,5,2,5,2,4,2,4,1,5,3,4,5,3,4,2,4,3,"A31,A23,A26,A5,A34","B5,B12,B4","B5,B1,A26,A29,A34",色彩淡雅、笔触灵动，意境深远,搭配简洁剪裁，突出图案主体性
20-25岁,,时尚/服装类,,一般,听说过，不太了解,4,2,3,2,1,3,3,4,3,5,4,1,3,3,3,3,3,3,2,5,3,1,2,4,3,5,4,4,5,4,4,3,3,5,3,5,1,4,4,4,3,5,5,5,3,3,4,3,5,3,"A11,A9,A29,A31,A19","B4,B15","A30,B12,B9,A1,A34",色彩淡雅、笔触灵动，意境深远,可用于整件服装印花，形成整体风格
20-25岁,,学生,数字媒体,一般,有所了解,5,3,3,1,2,4,4,3,3,3,3,3,3,4,4,3,4,3,2,1,3,4,4,3,2,4,3,4,5,4,5,3,1,5,4,4,4,4,1,4,4,5,4,5,3,4,5,4,4,3,"A11,A4,A7,A23","B3,B1,B2","B9,A34,B7,B1,A29",色彩饱和度高，具有视觉冲击力,可用于整件服装印花，形成整体风格
26-30岁,,艺术/设计类,,一般,有所了解,4,2,2,4,4,3,4,1,3,4,4,3,4,3,4,3,4,1,3,3,3,3,5,4,2,5,2,3,5,4,5,4,3,4,3,5,2,5,1,4,4,4,5,5,3,1,5,2,5,3,"A16,A26,A32","B12,B10,B3","B12,B1,B9,A26,B3",色彩饱和度高，具有视觉冲击力,搭配简洁剪裁，突出图案主体性
20-25岁,,教育/科研类,,非常喜欢,有所了解,5,3,2,3,2,2,3,3,1,3,5,5,4,2,1,4,1,2,3,2,4,4,4,4,2,5,3,3,4,5,5,1,1,4,3,4,4,5,3,5,3,4,4,5,1,2,4,3,4,3,"A29,A24,A1,A8,A6","B8,B11","B5,A30,A1,B7,B3",抽象构图结合现代感，符合年轻人口味,建议用于男装外套局部图案，如胸口或袖口
20-25岁,,学生,工业设计,一般,有所了解,4,2,3,5,3,4,1,3,3,4,3,3,4,3,1,3,2,5,3,3,5,5,3,4,1,5,3,3,4,5,4,3,3,5,4,5,4,4,3,4,5,5,2,5,3,2,5,2,5,3,"A25,A31,A28","B10,B3,B2","A26,B12,B5,A29",色彩饱和度高，具有视觉冲击力,建议用于男装外套局部图案，如胸口或袖口
20-25岁,,时尚/服装类,,比较喜欢,听说过，不太了解,4,2,2,3,3,3,2,2,3,2,3,3,5,1,3,3,4,5,5,3,3,3,3,4,2,5,5,2,5,4,4,2,2,4,3,5,2,5,4,5,3,4,4,5,3,4,4,4,4,3,"A35,A34,A32,A5,A8","B11,B2","B7,B12,A29",色彩淡雅、笔触灵动，意境深远,在面料上选择质感强烈的织物增强表现力
26-30岁,,"其他,新媒体/互联网类",,不太喜欢,有所了解,5,3,4,1,4,2,1,3,5,1,3,3,2,5,3,4,3,3,3,3,4,2,3,4,4,4,4,3,5,4,5,4,3,4,3,4,4,4,2,5,3,4,3,4,1,3,5,4,5,5,"A3,A9,A14","B2,B9","B14,A1,A26,B9",抽象构图结合现代感，符合年轻人口味,搭配简洁剪裁，突出图案主体性
其他,44岁,文化/创意产业类,,一般,非常了解并关注,4,2,5,3,4,3,3,1,4,4,4,1,2,3,2,4,2,3,3,3,2,5,3,4,2,5,2,3,5,4,4,5,2,5,3,4,2,4,3,5,4,5,4,4,3,2,4,4,5,3,"A1,A16,A20,A3","B11,B9,B8","B7,B3,A34",抽象构图结合现代感，符合年轻人口味,可用于整件服装印花，形成整体风格
26-30岁,,教育/科研类,,非常喜欢,非常了解并关注,5,3,3,3,5,3,3,4,4,2,3,3,2,3,1,2,5,2,3,3,3,2,3,4,3,4,3,2,4,4,5,4,3,5,1,5,3,5,2,5,3,4,5,4,4,4,4,3,5,3,"A3,A16,A13","B5,B14","A29,B7,B5",墨色浓淡相宜，富有层次,搭配简洁剪裁，突出图案主体性
31-35岁,,新媒体/互联网类,,一般,完全不了解,4,1,3,4,2,4,5,1,3,3,3,3,4,3,5,3,3,4,3,3,3,4,3,3,5,4,3,3,4,5,4,4,4,4,1,5,3,5,2,4,2,4,3,5,3,3,5,3,4,3,"A28,A5,A17","B7,B11,B3","B3,A26,A31,B1",墨色浓淡相宜，富有层次,可用于整件服装印花，形成整体风格
26-30岁,,艺术/设计类,,一般,有所了解,5,4,3,3,3,3,5,4,3,3,1,2,2,2,5,3,4,4,4,2,3,3,5,4,2,4,3,2,5,5,5,3,3,4,4,5,1,4,1,5,2,5,3,5,3,3,4,3,5,4,"A18,A13,A24,A33,A11","B14,B3,B6","B1,A1,B7,A30",色彩淡雅、笔触灵动，意境深远,搭配简洁剪裁，突出图案主体性
20-25岁,,"艺术/设计类,教育/科研类",,一般,有所了解,5,3,3,2,1,3,3,2,4,3,2,4,5,3,4,3,5,2,5,3,3,3,2,3,3,4,2,3,4,4,4,1,3,5,2,4,3,4,3,5,4,5,3,4,3,4,5,3,4,2,"A27,A5,A22","B6,B15","A29,A30,A31,A1",色彩淡雅、笔触灵动，意境深远,在面料上选择质感强烈的织物增强表现力
20-25岁,,文化/创意产业类,,比较喜欢,听说过，不太了解,4,3,2,3,1,3,4,3,3,4,2,4,2,3,2,2,5,2,3,3,3,4,5,3,1,4,3,2,5,5,5,2,3,5,3,4,3,5,2,5,4,5,4,5,4,3,5,1,4,3,"A7,A8,A12,A34","B10,B14,B13","A26,B5,A34,B7",抽象构图结合现代感，符合年轻人口味,搭配简洁剪裁，突出图案主体性
26-30岁,,金融/商业类,,一般,非常了解并关注,4,2,2,3,4,2,4,4,3,3,2,4,2,3,3,5,3,1,3,4,3,5,4,3,2,4,5,5,4,5,5,3,4,4,4,4,3,5,3,5,4,5,3,4,5,1,5,1,5,2,"A4,A11,A21","B3,B6,B13","B9,B5,B12,B7,B1",色彩饱和度高，具有视觉冲击力,可用于整件服装印花，形成整体风格
20-25岁,,学生,平面设计,比较喜欢,非常了解并关注,5,4,5,1,3,3,1,3,2,3,2,3,3,3,3,2,3,4,2,3,3,3,3,3,1,4,3,1,5,5,5,2,5,5,3,4,3,5,3,5,3,4,2,5,3,2,4,4,5,3,"A33,A10,A9","B7,B10","A31,A1,B9,A34,A30",色彩饱和度高，具有视觉冲击力,在面料上选择质感强烈的织物增强表现力
20-25岁,,学生,艺术史,一般,有所了解,5,2,4,1,2,4,4,3,3,2,3,1,4,3,5,3,3,3,3,2,4,3,3,1,1,5,4,3,4,4,5,4,5,4,5,5,4,4,4,5,3,5,4,5,4,3,5,3,4,3,"A23,A30,A33,A19","B7,B9,B12","A31,B9,A26",抽象构图结合现代感，符合年轻人口味,在面料上选择质感强烈的织物增强表现力
26-30岁,,学生,平面设计,一般,听说过，不太了解,5,5,3,2,3,5,5,3,2,2,3,3,3,4,4,2,3,4,3,2,3,4,2,3,3,4,3,2,4,4,5,4,2,5,1,5,3,5,2,4,3,4,4,4,3,3,5,4,5,1,"A6,A5,A16","B3,B10","A26,B12,A31",色彩饱和度高，具有视觉冲击力,建议用于男装外套局部图案，如胸口或袖口
26-30岁,,学生,数字媒体,一般,听说过，不太了解,4,3,1,4,4,2,3,3,3,2,3,4,3,2,4,2,3,3,3,3,3,3,3,4,3,4,1,1,5,5,4,3,2,5,2,5,2,4,2,5,3,4,2,5,4,4,5,3,5,3,"A33,A9,A31,A32,A35","B7,B1","A30,B12,A1,B1,B5",抽象构图结合现代感，符合年轻人口味,可用于整件服装印花，形成整体风格
20-25岁,,教育/科研类,,非常喜欢,非常了解并关注,4,3,3,3,4,2,2,5,3,4,3,3,2,4,1,3,3,3,4,1,3,3,2,4,3,5,5,3,5,5,5,4,2,5,3,5,3,5,4,5,3,5,2,4,3,3,4,3,4,2,"A34,A3,A29,A11,A15","B2,B6","B5,A34,A1",色彩饱和度高，具有视觉冲击力,在面料上选择质感强烈的织物增强表现力
20-25岁,,时尚/服装类,,比较喜欢,有所了解,5,3,2,2,4,1,5,3,3,5,3,5,5,5,4,2,3,3,5,3,2,4,3,3,5,5,3,3,5,4,5,1,3,5,3,5,3,4,2,5,4,5,4,5,4,3,5,3,5,3,"A24,A8,A22","B14,B9","A31,B14,B3",抽象构图结合现代感，符合年轻人口味,搭配简洁剪裁，突出图案主体性
20-25岁,,文化/创意产业类,,比较喜欢,听说过，不太了解,4,2,4,5,3,4,5,3,5,3,4,1,4,4,3,3,4,4,2,4,2,4,3,1,2,5,4,2,5,5,5,3,3,4,2,5,1,5,2,4,2,5,3,4,3,5,5,1,4,4,"A26,A14,A20","B15,B8","B3,A1,A34,B12,B14",抽象构图结合现代感，符合年轻人口味,搭配简洁剪裁，突出图案主体性
26-30岁,,新媒体/互联网类,,非常喜欢,有所了解,5,3,5,3,3,2,2,3,3,1,2,3,4,3,3,2,3,3,2,3,3,2,3,3,4,4,4,2,4,5,5,5,3,4,5,4,2,5,5,5,3,5,3,5,2,2,4,4,5,3,"A1,A23,A12","B6,B1,B2","B3,A30,A26,B5",墨色浓淡相宜，富有层次,在面料上选择质感强烈的织物增强表现力
20-25岁,,学生,服装设计,一般,有所了解,5,2,3,3,4,3,3,3,5,3,2,3,3,4,2,2,5,5,3,1,3,2,3,3,4,4,3,3,5,5,5,4,4,4,1,5,3,5,3,4,3,5,3,5,3,2,5,3,5,3,"A1,A10,A17,A15","B7,B6,B5","B1,A29,B5,A31",色彩淡雅、笔触灵动，意境深远,在面料上选择质感强烈的织物增强表现力
26-30岁,,教育/科研类,,一般,有所了解,5,3,1,4,3,1,3,2,4,3,2,5,2,3,4,3,5,4,5,3,3,4,5,5,4,5,1,3,4,4,4,1,2,5,3,4,4,5,3,4,2,4,1,5,4,3,5,2,5,3,"A11,A9,A23,A28","B6,B14","A30,A26,B14,A31,A1",墨色浓淡相宜，富有层次,在面料上选择质感强烈的织物增强表现力
26-30岁,,"时尚/服装类,其他",,完全不了解/不感兴趣,完全不了解,4,2,3,3,2,2,5,2,3,4,4,3,2,4,4,5,2,4,3,5,3,3,2,3,3,4,3,3,5,4,5,4,2,4,4,4,2,4,3,4,5,5,4,4,5,3,5,3,4,4,"A3,A11,A13,A31","B2,B7,B8","B3,B9,A29,A34,B1",色彩饱和度高，具有视觉冲击力,可用于整件服装印花，形成整体风格
20-25岁,,艺术/设计类,,完全不了解/不感兴趣,有所了解,4,3,3,4,3,1,3,3,3,2,3,5,1,3,1,2,3,3,3,4,4,4,3,3,3,5,3,2,4,4,4,2,3,4,3,5,2,4,1,5,3,5,3,5,4,1,5,3,4,3,"A2,A9,A10","B9,B1,B13","A30,A1,B9,A34,B1",色彩淡雅、笔触灵动，意境深远,在面料上选择质感强烈的织物增强表现力
20-25岁,,时尚/服装类,,非常喜欢,有所了解,5,5,3,3,5,2,2,3,3,3,3,2,3,3,4,5,3,3,3,2,5,4,3,4,3,4,4,3,5,4,5,3,4,4,3,5,3,4,3,5,4,5,4,5,5,3,4,1,4,3,"A19,A32,A6,A28","B10,B3","B5,A29,A30,A31,A26",抽象构图结合现代感，符合年轻人口味,可用于整件服装印花，形成整体风格
26-30岁,,教育/科研类,,非常喜欢,听说过，不太了解,5,2,3,3,1,1,4,3,4,3,2,2,2,3,5,3,2,1,3,3,3,2,3,3,4,4,2,3,4,5,4,1,4,4,2,4,4,5,5,5,4,5,4,5,4,4,5,3,5,3,"A13,A31,A7,A33","B4,B14","B9,B14,A29,A30,A26",墨色浓淡相宜，富有层次,在面料上选择质感强烈的织物增强表现力
20-25岁,,艺术/设计类,,非常喜欢,听说过，不太了解,5,4,3,1,2,2,2,4,3,3,4,3,1,3,2,3,4,5,1,3,3,3,3,1,3,5,5,4,4,5,5,5,5,5,4,5,4,5,3,5,5,5,2,4,2,3,5,3,5,5,"A13,A10,A28,A2","B2,B14","B1,B14,B5",抽象构图结合现代感，符合年轻人口味,可用于整件服装印花，形成整体风格
20-25岁,,文化/创意产业类,,一般,听说过，不太了解,5,3,2,3,2,3,3,3,4,5,3,1,4,3,3,3,3,4,5,5,4,4,1,4,1,5,2,3,4,5,5,1,4,5,4,5,4,5,3,5,4,4,1,5,2,3,4,4,5,1,"A28,A31,A4,A33","B11,B1,B5","A31,A34,B14",抽象构图结合现代感，符合年轻人口味,在面料上选择质感强烈的织物增强表现力
20-25岁,,学生,艺术史,一般,有所了解,5,2,3,3,3,2,3,3,3,3,3,3,4,2,1,2,3,2,1,3,3,4,3,3,4,4,4,5,5,5,5,4,3,5,3,5,2,4,3,5,1,5,2,5,3,2,5,2,5,2,"A4,A12,A3,A1","B11,B12","A30,A31,B3,B12",色彩淡雅、笔触灵动，意境深远,在面料上选择质感强烈的织物增强表现力
26-30岁,,学生,艺术史,非常喜欢,听说过，不太了解,5,4,1,3,3,4,4,4,1,4,3,4,3,3,1,3,2,1,1,5,3,4,5,5,4,5,2,2,5,5,4,3,3,5,3,5,3,5,5,4,3,5,3,4,2,2,4,4,5,2,"A32,A24,A22,A20","B2,B11","B9,B5,A29",抽象构图结合现代感，符合年轻人口味,搭配简洁剪裁，突出图案主体性
20-25岁,,学生,视觉传达,不太喜欢,有所了解,5,3,4,2,1,1,3,3,3,4,2,3,4,3,4,3,3,2,5,4,5,3,4,3,3,5,2,2,4,5,4,3,5,4,2,5,4,4,3,4,3,4,3,5,5,4,5,3,4,2,"A34,A24,A16,A18","B10,B7","A26,A29,B9",色彩淡雅、笔触灵动，意境深远,建议用于男装外套局部图案，如胸口或袖口
31-35岁,,金融/商业类,,非常喜欢,有所了解,4,3,2,3,3,3,1,4,3,3,3,4,3,5,3,2,3,3,3,3,2,3,4,3,3,5,3,2,5,4,5,2,1,4,3,4,2,5,4,5,4,5,4,5,3,4,4,4,5,2,"A13,A29,A7,A5,A35","B5,B12,B8","B5,B12,A29",色彩淡雅、笔触灵动，意境深远,可用于整件服装印花，形成整体风格
20-25岁,,学生,艺术史,不太喜欢,完全不了解,4,2,2,4,2,5,3,4,3,3,3,4,4,3,3,5,5,3,1,2,4,1,2,2,3,5,2,2,5,5,4,2,3,5,4,5,4,4,2,5,4,5,5,5,4,1,4,4,4,1,"A17,A23,A24,A29","B15,B7","B3,B1,B5",色彩淡雅、笔触灵动，意境深远,可用于整件服装印花，形成整体风格
31-35岁,,金融/商业类,,一般,非常了解并关注,4,3,4,1,3,2,5,3,3,1,3,3,4,2,5,3,2,3,3,5,4,3,2,2,3,5,4,2,4,4,5,3,3,4,2,5,4,5,3,4,3,5,1,5,4,3,5,4,5,1,"A9,A19,A3,A4","B12,B14","B3,B9,B5,B12",色彩淡雅、笔触灵动，意境深远,可用于整件服装印花，形成整体风格
20-25岁,,学生,数字媒体,一般,有所了解,5,4,3,4,3,3,3,5,4,1,5,4,2,1,3,3,3,2,3,2,1,3,3,3,5,4,1,1,5,5,5,3,3,4,3,5,2,5,3,4,3,5,1,4,3,3,4,5,5,4,"A25,A26,A18,A14,A12","B3,B10","B7,B12,A1",色彩饱和度高，具有视觉冲击力,搭配简洁剪裁，突出图案主体性
20-25岁,,新媒体/互联网类,,比较喜欢,完全不了解,4,5,3,5,3,4,1,3,4,4,2,3,3,2,3,4,3,3,5,1,3,4,4,4,4,4,3,4,4,4,5,4,3,5,4,5,5,5,4,5,4,5,2,4,2,4,5,3,5,4,"A19,A18,A8","B4,B1","A30,A31,A1,A29,B12",墨色浓淡相宜，富有层次,搭配简洁剪裁，突出图案主体性
20-25岁,,学生,服装设计,比较喜欢,完全不了解,5,3,1,3,4,3,3,2,5,2,2,4,5,3,3,3,1,2,3,2,4,2,3,3,3,4,4,3,5,5,4,3,3,5,4,4,1,4,5,4,3,5,3,4,2,3,4,1,4,3,"A16,A14,A35,A8,A1","B11,B10,B6","A26,B12,B5,A31",墨色浓淡相宜，富有层次,在面料上选择质感强烈的织物增强表现力
20-25岁,,金融/商业类,,非常喜欢,有所了解,4,3,2,5,1,5,4,3,5,2,2,2,2,3,3,1,3,2,3,5,3,3,3,4,1,5,3,3,5,5,5,1,4,4,3,4,3,5,2,5,2,4,3,5,5,4,4,5,5,2,"A21,A4,A1,A23","B12,B5","A31,A1,B5",色彩淡雅、笔触灵动，意境深远,在面料上选择质感强烈的织物增强表现力
26-30岁,,教育/科研类,,完全不了解/不感兴趣,非常了解并关注,5,2,3,4,2,3,5,4,3,2,3,4,4,2,3,1,1,3,2,1,4,3,4,3,4,4,2,3,4,5,5,2,3,5,1,4,4,4,1,4,3,5,3,5,4,5,5,1,5,1,"A14,A29,A15,A21","B4,B10,B11","A29,B3,A30,B1",抽象构图结合现代感，符合年轻人口味,可用于整件服装印花，形成整体风格
26-30岁,,学生,数字媒体,一般,完全不了解,4,2,2,3,2,3,3,3,3,3,2,4,4,2,2,4,2,1,3,2,2,5,2,5,2,5,3,1,5,5,4,4,3,5,4,4,2,5,5,4,3,4,4,5,4,5,4,2,5,2,"A32,A12,A30","B14,B15","A30,B7,B3",墨色浓淡相宜，富有层次,搭配简洁剪裁，突出图案主体性
26-30岁,,艺术/设计类,,非常喜欢,有所了解,5,2,3,3,3,3,5,3,3,5,3,5,2,4,3,4,4,2,3,4,1,4,2,5,2,5,2,2,5,5,4,4,1,5,3,5,2,5,3,4,2,4,1,4,2,3,4,3,4,3,"A11,A12,A26,A13","B3,B2","A30,B3,B9,B1",色彩淡雅、笔触灵动，意境深远,可用于整件服装印花，形成整体风格
20-25岁,,教育/科研类,,比较喜欢,有所了解,5,2,5,4,3,5,3,3,1,3,4,4,3,3,3,4,3,3,3,4,4,1,2,4,4,4,3,5,5,5,4,4,2,5,2,5,3,5,3,4,4,4,3,5,3,4,5,4,5,3,"A7,A25,A2","B14,B1","A1,A29,A30,A26,A31",墨色浓淡相宜，富有层次,建议用于男装外套局部图案，如胸口或袖口
其他,48岁,艺术/设计类,,一般,有所了解,5,5,1,3,3,1,4,2,2,4,2,3,4,4,4,1,1,3,1,3,3,3,2,3,3,4,3,3,5,5,5,3,1,4,4,4,3,4,2,5,2,5,2,5,4,3,5,2,5,4,"A35,A22,A6","B3,B8","B3,A29,A31,A34,B14",墨色浓淡相宜，富有层次,可用于整件服装印花，形成整体风格
20-25岁,,学生,工业设计,一般,听说过，不太了解,5,3,3,3,3,3,5,2,2,3,2,4,1,4,3,1,4,3,1,2,3,3,3,3,3,4,3,1,5,5,4,2,1,5,3,5,5,5,4,4,2,4,3,4,3,3,4,3,4,3,"A18,A35,A8,A2,A3","B9,B5","B5,B1,A29",色彩淡雅、笔触灵动，意境深远,可用于整件服装印花，形成整体风格
26-30岁,,艺术/设计类,,比较喜欢,有所了解,4,5,3,5,5,3,2,4,2,3,2,3,1,2,3,5,2,3,3,2,3,4,2,4,4,4,3,3,5,5,4,4,3,5,2,5,3,5,3,4,2,5,3,5,3,3,5,3,5,2,"A28,A25,A10","B11,B5,B4","B1,B9,A26,B3,A29",色彩淡雅、笔触灵动，意境深远,可用于整件服装印花，形成整体风格
26-30岁,,艺术/设计类,,比较喜欢,有所了解,4,2,4,1,3,3,2,3,3,4,3,2,3,2,4,3,4,3,4,3,1,2,4,4,1,5,4,3,5,4,5,3,3,5,2,5,1,5,3,5,3,5,3,4,3,4,5,3,5,4,"A23,A5,A22,A8","B15,B2,B1","A29,B14,B1,B5,A34",墨色浓淡相宜，富有层次,在面料上选择质感强烈的织物增强表现力
20-25岁,,文化/创意产业类,,不太喜欢,听说过，不太了解,5,4,3,3,3,1,5,3,5,4,4,3,2,3,3,1,1,3,4,4,2,5,3,4,3,5,4,3,4,5,5,4,2,5,3,5,4,4,5,5,2,4,2,5,2,3,5,3,4,3,"A20,A19,A23,A7,A18","B11,B6,B5","B14,A26,A1,A29,B7",抽象构图结合现代感，符合年轻人口味,可用于整件服装印花，形成整体风格
20-25岁,,时尚/服装类,,非常喜欢,听说过，不太了解,5,2,3,4,1,1,3,4,4,3,3,3,4,3,3,3,4,3,1,2,4,5,3,3,2,4,3,2,5,5,5,4,2,4,4,5,3,4,4,4,1,5,4,5,1,3,5,4,5,5,"A31,A5,A8,A28","B3,B2,B6","A29,B1,A34",抽象构图结合现代感，符合年轻人口味,在面料上选择质感强烈的织物增强表现力
20-25岁,,学生,数字媒体,比较喜欢,听说过，不太了解,5,4,2,4,2,2,3,2,3,3,2,2,3,3,3,4,2,3,3,4,4,2,2,3,4,4,3,4,5,5,4,1,3,4,5,4,1,4,3,5,3,5,3,4,4,4,4,2,5,3,"A27,A22,A9,A16","B7,B9,B8","B5,B3,B14,B9,A30",色彩饱和度高，具有视觉冲击力,建议用于男装外套局部图案，如胸口或袖口
20-25岁,,"金融/商业类,其他",,一般,有所了解,4,3,2,4,2,1,1,4,3,3,3,3,1,4,5,3,3,4,3,4,1,3,5,2,2,5,5,2,5,5,5,4,3,5,2,5,2,4,3,4,4,5,2,4,3,4,5,2,5,2,"A34,A15,A6,A16","B1,B4,B15","B5,B3,A29,A26",色彩淡雅、笔触灵动，意境深远,搭配简洁剪裁，突出图案主体性
20-25岁,,学生,平面设计,比较喜欢,听说过，不太了解,5,4,3,2,3,1,3,3,1,3,4,3,5,3,5,3,4,3,2,4,4,4,2,4,2,4,4,3,5,4,5,3,3,4,4,5,3,5,3,5,5,4,3,4,3,4,4,1,5,3,"A19,A30,A10","B4,B15,B14","B12,A29,A26",墨色浓淡相宜，富有层次,在面料上选择质感强烈的织物增强表现力
20-25岁,,学生,视觉传达,非常喜欢,有所了解,5,3,3,1,2,1,3,2,5,3,3,3,3,4,4,1,3,3,5,3,2,3,3,4,5,4,4,5,5,5,5,1,5,4,1,5,4,5,4,5,2,4,3,4,3,1,5,3,5,2,"A28,A24,A4","B11,B10","B3,B7,A29",色彩淡雅、笔触灵动，意境深远,可用于整件服装印花，形成整体风格
20-25岁,,新媒体/互联网类,,非常喜欢,有所了解,5,3,1,1,4,4,3,2,3,3,3,2,1,4,3,4,3,5,5,2,3,4,4,5,3,5,3,3,5,5,4,3,3,4,4,5,3,5,3,5,1,4,3,5,3,4,5,4,5,2,"A6,A16,A5","B10,B14","A29,B14,B3,B12",抽象构图结合现代感，符合年轻人口味,在面料上选择质感强烈的织物增强表现力
20-25岁,,时尚/服装类,,一般,有所了解,5,3,5,4,4,3,3,1,1,1,5,2,2,3,3,5,1,5,2,5,3,3,3,3,4,4,1,5,5,5,5,3,2,5,3,4,3,4,4,4,2,4,2,5,3,4,5,3,5,5,"A22,A29,A1,A19,A8","B1,B11","B7,A29,B5",墨色浓淡相宜，富有层次,建议用于男装外套局部图案，如胸口或袖口
20-25岁,,时尚/服装类,,比较喜欢,有所了解,5,4,3,4,2,3,3,3,2,4,4,3,2,1,3,1,4,4,3,4,2,4,2,1,2,5,3,1,5,4,4,4,2,5,3,4,2,5,3,5,4,5,3,5,2,2,5,3,5,4,"A30,A17,A33,A20","B7,B3","A26,B5,B1,A29",墨色浓淡相宜，富有层次,在面料上选择质感强烈的织物增强表现力
20-25岁,,学生,工业设计,一般,听说过，不太了解,4,3,3,2,2,2,4,3,5,2,5,3,2,2,3,4,4,3,2,2,1,2,4,4,2,5,2,2,4,4,4,3,3,4,3,4,5,5,5,5,3,4,4,4,2,1,5,2,5,2,"A15,A26,A12","B14,B12","B3,A34,B9,B1",色彩饱和度高，具有视觉冲击力,可用于整件服装印花，形成整体风格
31-35岁,,艺术/设计类,,一般,有所了解,5,3,3,3,3,2,3,1,4,4,2,3,3,3,4,4,4,5,3,3,4,3,4,4,2,5,3,2,5,4,5,5,2,5,4,5,3,4,3,4,3,5,5,4,2,4,5,5,5,4,"A28,A13,A18,A7","B2,B6","B14,A34,A1,A30,A31",墨色浓淡相宜，富有层次,建议用于男装外套局部图案，如胸口或袖口
20-25岁,,学生,服装设计,比较喜欢,有所了解,5,3,3,4,3,3,4,3,1,3,3,3,2,2,3,2,3,3,3,2,2,4,3,4,3,5,4,5,5,5,5,3,1,5,2,4,3,5,3,4,3,5,4,5,3,5,4,2,4,3,"A1,A20,A13","B11,B1","A31,A26,B7",色彩淡雅、笔触灵动，意境深远,在面料上选择质感强烈的织物增强表现力
20-25岁,,艺术/设计类,,非常喜欢,非常了解并关注,5,3,3,3,3,3,3,5,3,5,1,4,4,2,2,3,2,4,4,3,1,5,2,1,3,5,4,3,4,5,4,4,1,5,3,4,5,4,1,5,2,4,3,4,5,1,4,4,4,5,"A21,A6,A20","B6,B13","B1,B5,A30,A34",色彩饱和度高，具有视觉冲击力,搭配简洁剪裁，突出图案主体性
20-25岁,,学生,艺术史,非常喜欢,有所了解,5,1,3,3,3,2,3,2,2,4,3,1,2,3,4,1,3,3,5,2,3,2,3,3,1,5,3,3,4,4,4,1,3,4,2,5,3,5,4,5,2,5,3,5,2,3,5,3,5,1,"A7,A22,A27,A33,A10","B10,B13","B3,B7,A1,A31",墨色浓淡相宜，富有层次,可用于整件服装印花，形成整体风格
26-30岁,,教育/科研类,,一般,听说过，不太了解,4,1,3,3,3,4,5,3,1,3,3,4,2,3,3,3,1,4,3,4,3,3,5,5,5,4,3,1,4,4,5,4,3,5,1,5,2,5,3,5,5,4,1,5,3,3,4,4,4,3,"A6,A15,A14,A10","B9,B15","B7,B9,B5,A34,B3",墨色浓淡相宜，富有层次,搭配简洁剪裁，突出图案主体性
20-25岁,,新媒体/互联网类,,一般,有所了解,5,5,2,4,5,3,1,4,4,5,4,3,3,3,3,3,4,3,4,2,3,3,2,3,5,5,2,3,5,4,5,2,3,5,3,4,5,4,1,5,4,4,3,4,5,3,4,2,5,3,"A28,A3,A25,A16","B10,B15","A29,B7,B9",色彩饱和度高，具有视觉冲击力,建议用于男装外套局部图案，如胸口或袖口
31-35岁,,其他,,一般,有所了解,5,3,2,2,4,3,5,1,3,3,3,5,3,3,3,4,3,3,4,2,5,4,3,4,4,5,2,4,4,4,5,4,3,5,4,5,3,4,4,4,2,5,3,5,4,2,4,3,4,3,"A10,A20,A6","B2,B8,B6","A31,A29,A26",抽象构图结合现代感，符合年轻人口味,搭配简洁剪裁，突出图案主体性
20-25岁,,新媒体/互联网类,,比较喜欢,有所了解,5,3,2,4,3,5,3,4,3,3,3,4,3,4,2,2,2,4,1,4,3,1,3,3,3,5,2,4,5,5,5,1,3,5,3,4,2,5,1,4,2,5,1,5,4,4,5,3,5,2,"A5,A12,A30","B8,B5,B13","B9,A29,A26,B7",色彩饱和度高，具有视觉冲击力,建议用于男装外套局部图案，如胸口或袖口
20-25岁,,"新媒体/互联网类,时尚/服装类",,不太喜欢,完全不了解,4,3,3,3,3,2,3,3,3,3,5,4,3,1,3,4,2,3,2,3,1,2,3,4,3,5,4,2,4,4,5,3,1,5,5,4,3,4,3,5,4,5,3,4,2,3,4,3,4,3,"A27,A9,A29,A24","B6,B2,B11","B5,B3,A31,A1",色彩淡雅、笔触灵动，意境深远,可用于整件服装印花，形成整体风格
20-25岁,,教育/科研类,,比较喜欢,有所了解,5,3,4,1,3,1,4,2,3,3,4,2,3,5,1,5,1,4,5,5,3,4,2,3,3,4,4,1,5,5,5,4,4,4,3,4,2,4,3,4,3,5,1,5,3,5,4,3,5,5,"A1,A10,A7,A19,A25","B10,B7","A30,B1,B3",色彩淡雅、笔触灵动，意境深远,搭配简洁剪裁，突出图案主体性
20-25岁,,时尚/服装类,,非常喜欢,非常了解并关注,5,3,3,3,2,4,4,4,2,3,5,3,3,3,3,3,2,3,4,5,2,4,1,5,1,4,1,3,4,5,5,3,3,4,2,5,3,4,3,4,3,5,3,5,4,3,5,3,4,4,"A35,A30,A7,A6","B12,B2","B14,B1,A30,B12",抽象构图结合现代感，符合年轻人口味,建议用于男装外套局部图案，如胸口或袖口
26-30岁,,新媒体/互联网类,,比较喜欢,听说过，不太了解,5,3,4,5,2,3,3,3,3,3,3,2,3,2,3,5,2,2,1,3,2,3,3,3,4,5,2,4,4,4,5,3,1,4,5,4,4,5,2,4,2,4,2,4,2,1,5,3,5,2,"A32,A14,A31,A8","B8,B1,B9","B3,A29,B9",墨色浓淡相宜，富有层次,搭配简洁剪裁，突出图案主体性
26-30岁,,"金融/商业类,艺术/设计类",,比较喜欢,有所了解,5,3,3,4,3,3,4,3,1,4,3,3,3,4,3,3,5,2,1,3,3,3,3,3,3,5,3,4,5,4,5,3,4,5,2,5,3,5,2,5,3,5,4,5,3,2,5,3,5,3,"A25,A4,A24,A28,A31","B1,B4","B14,B9,B1",抽象构图结合现代感，符合年轻人口味,搭配简洁剪裁，突出图案主体性
20-25岁,,学生,视觉传达,一般,有所了解,4,3,2,5,3,5,1,3,3,4,2,3,5,2,4,4,2,3,3,2,3,4,2,3,3,4,5,2,4,5,4,3,5,4,3,4,4,4,3,5,3,4,5,4,3,2,5,2,4,3,"A6,A10,A5","B7,B2,B5","B3,B1,B5,A30,A31",墨色浓淡相宜，富有层次,建议用于男装外套局部图案，如胸口或袖口
20-25岁,,学生,数字媒体,非常喜欢,非常了解并关注,5,3,4,3,2,2,2,2,2,4,2,4,3,3,3,4,3,1,5,1,5,1,4,3,3,4,2,4,5,5,4,1,3,4,1,5,3,4,2,5,1,5,3,4,4,3,4,3,4,3,"A20,A11,A13,A23","B8,B15,B9","B14,A29,B1,A34,B9",色彩淡雅、笔触灵动，意境深远,可用于整件服装印花，形成整体风格
20-25岁,,艺术/设计类,,一般,听说过，不太了解,5,3,3,2,4,4,2,4,3,3,1,3,3,1,3,5,4,3,3,1,5,5,3,1,2,4,3,2,5,5,4,4,2,5,3,4,1,5,3,5,1,5,2,5,5,4,5,2,4,2,"A10,A21,A1,A30,A32","B2,B13,B11","A31,B5,A1,B3",墨色浓淡相宜，富有层次,在面料上选择质感强烈的织物增强表现力
20-25岁,,"教育/科研类,金融/商业类",,不太喜欢,听说过，不太了解,4,1,1,2,3,3,3,4,3,2,4,3,2,4,5,5,2,3,1,5,2,2,4,5,3,4,3,4,5,4,4,4,3,5,3,5,5,4,3,4,2,5,4,5,2,2,5,2,5,2,"A3,A14,A13","B12,B9,B13","B7,B1,A30",抽象构图结合现代感，符合年轻人口味,可用于整件服装印花，形成整体风格
31-35岁,,"文化/创意产业类,其他",,一般,非常了解并关注,4,3,3,3,3,2,1,3,3,3,3,4,3,1,3,3,3,3,3,2,3,2,3,3,3,5,1,5,5,5,4,1,3,4,2,4,3,5,3,5,2,5,2,5,3,2,4,4,4,3,"A1,A24,A2,A20,A33","B12,B8","B3,B1,B12,A34,B7",色彩饱和度高，具有视觉冲击力,搭配简洁剪裁，突出图案主体性
31-35岁,,艺术/设计类,,一般,有所了解,4,4,4,1,3,3,4,3,5,5,4,3,3,1,3,3,3,3,3,4,3,2,3,5,4,4,3,5,4,4,4,3,3,4,3,4,3,5,3,4,3,5,3,5,3,1,4,2,5,3,"A30,A28,A24","B9,B10","B5,B1,B12",抽象构图结合现代感，符合年轻人口味,在面料上选择质感强烈的织物增强表现力
26-30岁,,教育/科研类,,比较喜欢,有所了解,5,2,3,2,5,3,2,3,2,5,3,3,3,4,4,4,4,2,5,3,4,3,2,3,1,5,3,2,5,5,5,4,3,5,2,5,4,5,5,5,3,5,3,5,3,3,5,3,5,3,"A7,A6,A2,A27","B8,B12","B5,A26,B9,B3,B14",色彩淡雅、笔触灵动，意境深远,搭配简洁剪裁，突出图案主体性
26-30岁,,"其他,时尚/服装类",,非常喜欢,非常了解并关注,5,3,5,3,3,4,2,3,3,2,3,1,2,3,4,2,3,1,3,3,4,4,2,2,2,5,3,1,4,5,4,4,3,5,3,4,3,5,3,5,4,4,3,4,4,1,5,2,4,4,"A15,A30,A25","B4,B14","A26,A34,B3,B1",色彩饱和度高，具有视觉冲击力,建议用于男装外套局部图案，如胸口或袖口
26-30岁,,新媒体/互联网类,,比较喜欢,听说过，不太了解,4,1,2,2,3,5,4,5,5,3,2,3,4,3,3,2,3,3,3,4,1,5,1,5,3,5,2,3,5,4,4,3,2,4,3,4,3,5,3,4,3,4,3,4,5,4,4,3,4,5,"A33,A19,A18","B5,B14,B13","B9,A30,A1,B1",色彩淡雅、笔触灵动，意境深远,建议用于男装外套局部图案，如胸口或袖口
其他,36岁,文化/创意产业类,,比较喜欢,有所了解,4,3,3,3,3,4,3,3,4,3,2,2,2,1,4,3,1,4,3,3,2,2,3,4,2,5,5,3,5,5,5,3,4,5,4,5,3,5,3,5,4,4,4,5,4,4,4,3,5,5,"A34,A21,A22,A11","B4,B9,B7","B7,B9,B1",色彩淡雅、笔触灵动，意境深远,在面料上选择质感强烈的织物增强表现力
20-25岁,,文化/创意产业类,,一般,听说过，不太了解,4,4,4,4,4,3,5,4,3,5,5,4,3,3,3,2,3,3,2,5,3,3,3,1,4,4,3,3,5,5,4,2,3,5,3,4,1,5,3,4,3,4,3,4,5,2,5,5,4,3,"A25,A12,A26,A21,A34","B7,B4","B12,A29,B5",色彩淡雅、笔触灵动，意境深远,在面料上选择质感强烈的织物增强表现力
20-25岁,,学生,视觉传达,一般,完全不了解,5,3,3,3,3,2,3,3,4,3,3,2,2,3,4,3,3,5,2,4,3,3,5,4,3,4,3,1,5,4,5,4,4,5,4,4,4,4,5,4,3,5,4,5,2,2,4,3,5,3,"A11,A21,A14,A6","B1,B7","B9,B7,A29",色彩淡雅、笔触灵动，意境深远,建议用于男装外套局部图案，如胸口或袖口
26-30岁,,金融/商业类,,比较喜欢,听说过，不太了解,5,2,3,3,2,3,3,2,3,3,2,2,3,4,5,1,2,1,3,3,3,4,3,5,2,4,2,1,5,4,5,3,2,4,3,5,5,5,3,4,4,4,5,5,2,3,5,3,4,2,"A2,A9,A30,A23","B4,B11","A31,A30,B5",墨色浓淡相宜，富有层次,在面料上选择质感强烈的织物增强表现力
26-30岁,,学生,平面设计,一般,完全不了解,5,2,3,1,3,4,3,4,4,2,3,1,3,2,5,3,3,4,4,4,2,3,3,3,1,4,5,2,5,4,4,2,3,5,3,4,3,4,5,4,3,5,4,5,2,2,5,4,4,4,"A4,A18,A6,A10,A2","B2,B8","A26,B14,A29,A31,B7",墨色浓淡相宜，富有层次,建议用于男装外套局部图案，如胸口或袖口
26-30岁,,"艺术/设计类,金融/商业类",,一般,非常了解并关注,5,1,4,1,2,2,2,3,2,5,3,3,2,3,2,4,3,4,3,5,2,1,3,5,3,4,3,5,4,4,5,4,4,5,1,5,3,5,4,5,3,4,3,5,2,4,4,1,5,4,"A14,A26,A7,A32","B7,B2","B9,A26,A30,B1",色彩饱和度高，具有视觉冲击力,搭配简洁剪裁，突出图案主体性
20-25岁,,教育/科研类,,非常喜欢,非常了解并关注,5,3,5,3,3,3,2,3,3,4,2,2,1,2,3,5,3,4,3,2,2,2,3,3,4,5,3,4,5,4,5,2,4,4,3,5,4,4,1,5,1,5,4,5,4,5,5,5,4,3,"A11,A12,A20,A1","B11,B10","B7,A1,A26,A34,B14",色彩饱和度高，具有视觉冲击力,建议用于男装外套局部图案，如胸口或袖口
其他,38岁,金融/商业类,,非常喜欢,听说过，不太了解,5,2,1,2,5,3,5,3,5,3,2,2,5,3,2,1,2,4,3,3,5,3,4,3,5,4,4,3,4,4,4,1,3,5,3,5,1,4,3,5,4,4,3,5,3,3,5,1,5,1,"A17,A8,A13,A2,A35","B9,B15","A30,A34,A26",墨色浓淡相宜，富有层次,建议用于男装外套局部图案，如胸口或袖口
20-25岁,,新媒体/互联网类,,非常喜欢,有所了解,5,1,3,3,4,2,3,3,3,2,3,3,1,4,4,1,3,3,1,3,5,3,5,3,1,4,4,3,4,5,5,4,2,4,5,5,3,5,2,4,2,4,4,5,2,4,5,2,5,4,"A15,A6,A9","B5,B8,B4","A34,B12,B5",抽象构图结合现代感，符合年轻人口味,在面料上选择质感强烈的织物增强表现力
26-30岁,,教育/科研类,,比较喜欢,听说过，不太了解,5,2,1,4,3,3,3,3,3,3,1,5,5,5,4,3,2,1,1,3,3,5,3,3,3,4,5,3,4,5,5,3,3,5,2,5,5,5,3,5,3,5,3,5,3,3,4,4,5,4,"A28,A33,A26,A13","B3,B4,B11","A31,B1,A26,B7,B14",墨色浓淡相宜，富有层次,可用于整件服装印花，形成整体风格
20-25岁,,教育/科研类,,完全不了解/不感兴趣,听说过，不太了解,5,2,4,2,2,2,4,2,2,2,3,4,3,3,2,2,2,3,3,2,4,5,2,1,4,4,3,3,5,5,4,1,2,4,3,5,3,4,3,4,5,4,2,4,3,5,4,3,4,4,"A28,A29,A18,A21","B10,B7","A30,B7,A34,B9",色彩淡雅、笔触灵动，意境深远,在面料上选择质感强烈的织物增强表现力
26-30岁,,文化/创意产业类,,不太喜欢,有所了解,5,3,3,2,3,1,3,3,2,3,4,3,2,4,3,2,3,3,3,3,3,4,3,4,5,4,4,2,4,5,4,2,3,5,3,4,1,4,3,5,3,5,2,5,1,2,5,2,5,3,"A33,A17,A27","B10,B14,B11","A34,B1,A1,A26,A29",抽象构图结合现代感，符合年轻人口味,在面料上选择质感强烈的织物增强表现力
26-30岁,,其他,,比较喜欢,听说过，不太了解,5,3,3,3,3,4,1,4,3,4,1,4,2,4,3,3,3,2,3,2,3,4,1,3,3,4,5,3,4,4,5,3,2,4,3,5,2,5,5,5,4,5,2,4,3,3,5,2,5,3,"A23,A16,A5","B11,B6","A29,A34,A26,A1",抽象构图结合现代感，符合年轻人口味,建议用于男装外套局部图案，如胸口或袖口
20-25岁,,教育/科研类,,完全不了解/不感兴趣,有所了解,5,2,3,2,2,2,1,3,3,4,1,1,4,2,1,2,4,4,3,3,3,5,1,4,2,4,2,4,5,5,5,3,4,4,3,4,3,5,3,5,3,5,3,5,3,3,5,5,5,3,"A14,A30,A21,A15","B7,B5","A30,B5,B14,A26,B12",抽象构图结合现代感，符合年轻人口味,建议用于男装外套局部图案，如胸口或袖口
20-25岁,,金融/商业类,,不太喜欢,非常了解并关注,5,4,2,3,4,5,3,1,2,3,2,2,4,4,4,2,2,4,4,4,5,4,3,3,3,5,3,4,4,5,4,3,4,4,3,4,4,5,5,5,4,4,3,5,3,4,4,2,5,2,"A27,A28,A21,A13,A4","B8,B1,B5","A26,B14,B3,A29",抽象构图结合现代感，符合年轻人口味,在面料上选择质感强烈的织物增强表现力
26-30岁,,文化/创意产业类,,非常喜欢,完全不了解,4,3,3,1,1,1,3,4,3,3,3,1,1,4,2,5,2,3,5,3,4,3,3,2,4,4,2,5,4,5,5,3,3,5,3,4,3,5,1,4,3,4,3,4,3,3,4,2,4,1,"A2,A19,A1,A30,A9","B1,B9,B14","A34,B9,A1",色彩淡雅、笔触灵动，意境深远,在面料上选择质感强烈的织物增强表现力
26-30岁,,艺术/设计类,,一般,完全不了解,4,3,4,1,4,5,1,4,3,2,3,1,3,1,4,3,3,2,3,2,4,2,3,2,3,5,3,3,5,5,5,3,4,5,3,4,3,4,3,5,3,5,3,4,2,3,5,4,4,2,"A20,A18,A21,A23","B2,B9,B13","B3,B7,A1,B1",抽象构图结合现代感，符合年轻人口味,在面料上选择质感强烈的织物增强表现力
26-30岁,,时尚/服装类,,比较喜欢,非常了解并关注,4,1,3,4,2,1,4,4,2,3,2,2,3,5,3,5,3,4,2,2,4,3,3,3,3,5,2,4,4,5,4,4,3,4,2,4,3,5,2,5,4,4,3,5,3,1,4,1,5,3,"A8,A24,A7,A2,A15","B14,B1","A26,A34,B1",墨色浓淡相宜，富有层次,可用于整件服装印花，形成整体风格
20-25岁,,艺术/设计类,,一般,非常了解并关注,5,4,4,3,2,4,4,4,1,1,3,5,4,4,3,3,3,4,3,5,3,1,5,2,3,5,3,4,4,5,4,3,3,5,3,5,4,5,3,5,2,5,1,4,2,3,5,3,5,3,"A24,A35,A1","B5,B13","A26,A1,A31",色彩淡雅、笔触灵动，意境深远,搭配简洁剪裁，突出图案主体性
31-35岁,,新媒体/互联网类,,比较喜欢,有所了解,4,2,2,3,3,3,4,5,3,3,2,3,4,2,2,3,4,3,5,5,2,1,3,3,3,4,2,1,5,5,4,2,1,5,5,4,3,4,3,5,3,5,1,5,3,3,5,5,5,4,"A25,A18,A11,A9,A30","B3,B6","B14,B7,B1",色彩饱和度高，具有视觉冲击力,建议用于男装外套局部图案，如胸口或袖口
26-30岁,,金融/商业类,,一般,有所了解,5,4,4,3,4,4,2,4,2,1,3,5,1,4,3,4,4,4,4,4,2,3,2,4,2,4,4,4,5,4,4,2,1,4,3,4,3,4,1,5,4,5,3,5,5,3,5,1,5,3,"A16,A31,A32,A18,A21","B4,B2,B5","B12,A26,A34,B5",墨色浓淡相宜，富有层次,可用于整件服装印花，形成整体风格
31-35岁,,教育/科研类,,不太喜欢,完全不了解,4,2,4,4,2,4,3,2,3,5,3,4,1,4,5,3,3,3,5,2,3,2,3,3,5,5,3,4,4,5,5,3,2,5,3,4,5,5,4,4,5,5,4,4,3,3,5,4,4,5,"A5,A32,A4","B1,B11","B3,B1,A30",色彩饱和度高，具有视觉冲击力,建议用于男装外套局部图案，如胸口或袖口
31-35岁,,新媒体/互联网类,,一般,有所了解,5,4,1,3,3,5,2,2,4,2,3,3,3,3,3,5,2,3,3,3,3,1,5,3,3,5,2,2,4,4,4,3,3,5,1,5,4,5,3,5,2,5,2,4,3,3,5,2,5,5,"A34,A33,A21","B12,B8,B11","B5,A26,A29",墨色浓淡相宜，富有层次,搭配简洁剪裁，突出图案主体性
31-35岁,,时尚/服装类,,非常喜欢,有所了解,4,3,4,3,2,3,2,4,2,3,3,2,1,3,1,3,4,3,3,5,3,5,2,4,3,5,1,2,4,5,5,5,2,4,2,5,4,4,5,4,3,5,2,4,3,1,5,5,5,4,"A33,A13,A26,A5","B7,B3,B11","B7,B9,A26,A29",色彩饱和度高，具有视觉冲击力,建议用于男装外套局部图案，如胸口或袖口
20-25岁,,学生,视觉传达,一般,有所了解,5,4,3,2,4,3,4,3,2,2,4,3,3,3,3,2,3,2,3,3,2,3,3,2,5,4,3,2,5,5,5,4,2,4,3,4,3,4,3,5,2,4,3,5,1,2,5,2,5,2,"A16,A2,A30","B5,B1","B9,B5,B3,A34",抽象构图结合现代感，符合年轻人口味,建议用于男装外套局部图案，如胸口或袖口
20-25岁,,金融/商业类,,一般,有所了解,4,3,2,3,3,2,1,4,3,4,2,3,2,2,3,4,3,4,3,3,4,3,3,3,3,5,2,1,5,5,4,2,3,4,3,4,3,4,3,5,3,4,2,4,3,3,4,4,5,3,"A23,A28,A14","B7,B9","B5,A34,A1,B3",抽象构图结合现代感，符合年轻人口味,搭配简洁剪裁，突出图案主体性
20-25岁,,艺术/设计类,,完全不了解/不感兴趣,有所了解,5,1,3,3,3,3,2,4,3,5,1,3,3,3,4,2,2,4,3,2,3,3,3,1,3,5,4,4,5,4,4,3,1,5,4,5,2,4,4,5,2,5,2,4,1,3,4,1,4,3,"A25,A28,A13","B4,B7,B3","A31,B5,B7,B3,B12",色彩饱和度高，具有视觉冲击力,建议用于男装外套局部图案，如胸口或袖口
26-30岁,,学生,视觉传达,不太喜欢,有所了解,4,2,2,1,2,4,3,4,2,3,2,4,5,4,1,3,1,1,1,2,3,3,3,4,2,4,3,3,4,5,4,3,3,4,3,4,2,5,3,5,3,5,2,5,4,1,4,5,5,3,"A16,A8,A15","B1,B15","A31,A30,A26,B5,B9",抽象构图结合现代感，符合年轻人口味,可用于整件服装印花，形成整体风格
20-25岁,,金融/商业类,,一般,有所了解,5,1,3,3,4,3,4,4,3,2,3,4,1,3,2,1,3,3,3,4,1,2,4,3,2,5,4,3,5,4,4,4,3,4,3,5,2,5,1,4,3,4,2,5,3,3,4,3,5,2,"A26,A7,A15,A18,A32","B3,B13","A34,B9,A31",抽象构图结合现代感，符合年轻人口味,建议用于男装外套局部图案，如胸口或袖口
20-25岁,,艺术/设计类,,非常喜欢,非常了解并关注,5,5,3,4,3,2,2,3,3,3,5,4,4,4,4,3,2,3,3,3,4,5,3,3,4,4,2,4,5,5,5,3,3,5,2,4,5,4,2,5,1,5,2,5,3,4,5,3,5,1,"A33,A31,A20","B3,B6","A26,A29,B12,A34,B3",墨色浓淡相宜，富有层次,建议用于男装外套局部图案，如胸口或袖口
26-30岁,,教育/科研类,,一般,非常了解并关注,4,1,5,5,3,2,2,3,3,4,4,4,3,4,4,3,3,2,3,5,3,5,1,4,4,5,5,3,4,4,5,5,1,5,4,4,2,4,2,4,2,4,3,5,4,3,5,4,5,3,"A28,A22,A2,A12","B15,B2,B3","B14,A1,B7,A34,B3",色彩淡雅、笔触灵动，意境深远,在面料上选择质感强烈的织物增强表现力
31-35岁,,其他,,非常喜欢,听说过，不太了解,4,2,3,3,5,3,3,3,3,3,4,3,3,3,4,5,3,3,4,4,3,2,3,3,3,4,1,3,5,5,5,4,2,5,1,5,5,5,3,5,5,4,4,4,4,1,4,4,4,2,"A31,A8,A3","B10,B11","A30,B5,B12,A29",墨色浓淡相宜，富有层次,建议用于男装外套局部图案，如胸口或袖口
26-30岁,,艺术/设计类,,一般,听说过，不太了解,5,3,1,3,2,2,3,3,4,3,5,2,1,3,1,4,3,3,3,3,3,1,1,3,2,5,2,1,4,4,4,2,3,4,4,5,2,4,3,5,5,4,3,5,4,1,5,2,4,3,"A22,A29,A32,A23","B11,B8,B5","B3,A1,A34,A31",抽象构图结合现代感，符合年轻人口味,在面料上选择质感强烈的织物增强表现力
20-25岁,,艺术/设计类,,一般,有所了解,4,2,3,3,3,3,3,2,3,3,4,3,2,3,4,1,4,2,3,5,3,3,1,2,3,5,3,5,4,5,5,3,3,4,5,5,3,5,1,5,3,5,4,5,3,4,4,3,4,1,"A34,A2,A10,A27","B11,B3","B3,A1,A30,B7",色彩饱和度高，具有视觉冲击力,搭配简洁剪裁，突出图案主体性
20-25岁,,"文化/创意产业类,其他",,一般,有所了解,5,1,2,3,3,2,5,2,4,2,4,3,5,3,1,3,3,2,2,4,1,3,3,3,1,5,1,2,5,5,4,2,3,4,3,5,5,4,3,5,1,5,3,4,5,4,4,4,5,4,"A13,A25,A7","B15,B11,B14","B3,B5,A29,A31,A34",抽象构图结合现代感，符合年轻人口味,在面料上选择质感强烈的织物增强表现力
20-25岁,,学生,工业设计,非常喜欢,有所了解,4,2,5,5,3,4,5,3,3,4,3,2,3,3,5,3,4,4,3,4,2,3,4,3,4,4,4,2,5,5,5,2,3,5,3,5,3,5,5,4,3,5,1,4,2,2,5,3,4,4,"A18,A20,A13,A3","B14,B10,B2","B14,B3,B7,A34",抽象构图结合现代感，符合年轻人口味,建议用于男装外套局部图案，如胸口或袖口
31-35岁,,艺术/设计类,,非常喜欢,非常了解并关注,4,2,4,5,4,4,3,4,5,3,2,2,3,3,5,3,3,1,3,3,4,3,5,3,3,5,5,2,5,4,5,2,3,5,3,5,3,4,4,5,3,5,2,5,3,2,4,4,4,3,"A10,A30,A34,A19","B5,B8","A26,A31,A1,B3",色彩淡雅、笔触灵动，意境深远,可用于整件服装印花，形成整体风格
26-30岁,,新媒体/互联网类,,不太喜欢,有所了解,5,4,3,5,4,2,3,4,3,4,3,3,2,3,3,4,3,1,3,3,4,4,3,2,2,4,4,2,5,5,5,5,5,5,4,5,4,5,3,5,3,5,4,5,3,3,5,2,4,4,"A8,A4,A32,A20,A1","B6,B11,B1","A31,A29,A34",抽象构图结合现代感，符合年轻人口味,可用于整件服装印花，形成整体风格
20-25岁,,艺术/设计类,,非常喜欢,有所了解,4,3,2,4,3,3,2,3,3,3,5,5,3,1,3,1,4,3,4,5,3,3,3,2,5,5,2,4,4,4,5,3,3,5,2,5,3,5,1,4,5,5,4,4,3,3,5,1,4,3,"A18,A10,A13,A28,A6","B4,B1,B8","A30,B9,B12,B1",色彩饱和度高，具有视觉冲击力,在面料上选择质感强烈的织物增强表现力
20-25岁,,艺术/设计类,,一般,有所了解,5,2,2,3,1,1,3,5,5,3,2,2,3,2,1,3,3,2,4,4,3,1,5,3,2,5,3,3,5,5,5,3,1,4,3,5,2,5,2,5,4,4,3,5,2,5,5,3,4,4,"A20,A12,A28,A21","B11,B13","A31,A29,B1",墨色浓淡相宜，富有层次,搭配简洁剪裁，突出图案主体性
20-25岁,,新媒体/互联网类,,比较喜欢,有所了解,4,2,4,2,3,3,4,3,5,4,4,1,2,2,3,4,2,2,3,2,3,1,3,3,3,4,2,4,5,5,5,1,4,5,3,5,2,5,5,4,1,5,1,5,1,3,4,2,5,4,"A20,A30,A35","B7,B13","A26,A29,B5,B3",抽象构图结合现代感，符合年轻人口味,搭配简洁剪裁，突出图案主体性
20-25岁,,时尚/服装类,,一般,听说过，不太了解,5,2,4,4,3,3,3,4,4,4,3,3,4,2,3,3,5,1,2,2,3,2,3,4,3,4,4,3,4,4,5,4,3,4,4,4,4,5,2,4,2,4,2,5,3,3,5,4,5,2,"A28,A30,A27,A2","B13,B7","B14,A29,B7",抽象构图结合现代感，符合年轻人口味,可用于整件服装印花，形成整体风格
26-30岁,,学生,工业设计,非常喜欢,听说过，不太了解,5,4,3,2,4,1,2,2,5,3,3,4,3,4,3,5,4,3,3,5,3,3,4,3,2,4,3,1,5,5,4,1,4,5,2,5,3,4,3,4,4,5,3,5,1,1,4,1,5,3,"A24,A9,A35,A19,A4","B3,B7,B11","B3,B5,B14",色彩淡雅、笔触灵动，意境深远,建议用于男装外套局部图案，如胸口或袖口
20-25岁,,学生,服装设计,非常喜欢,完全不了解,5,3,3,3,1,5,4,3,3,3,2,2,3,1,1,3,5,5,1,2,3,4,5,4,3,4,1,1,5,4,5,4,1,5,3,5,5,4,3,4,4,5,5,4,3,5,5,1,5,2,"A7,A22,A19,A31","B14,B1,B2","B7,B9,B5,A1,A30",墨色浓淡相宜，富有层次,在面料上选择质感强烈的织物增强表现力
20-25岁,,文化/创意产业类,,一般,有所了解,5,1,1,1,2,3,3,5,3,1,2,4,3,4,2,2,2,4,2,3,3,3,2,3,1,5,1,1,4,5,4,3,1,4,3,4,3,5,4,4,3,5,4,4,3,5,5,4,5,2,"A10,A20,A1","B10,B12,B4","A26,A1,A29",色彩淡雅、笔触灵动，意境深远,建议用于男装外套局部图案，如胸口或袖口
20-25岁,,学生,艺术史,非常喜欢,听说过，不太了解,5,4,3,3,2,5,3,3,5,3,4,4,2,1,5,3,1,3,3,4,5,5,5,1,4,4,2,4,5,5,4,4,2,4,3,4,3,5,3,4,2,5,3,5,2,4,4,3,5,2,"A7,A31,A2","B7,B1,B2","B1,B3,A29,A30",抽象构图结合现代感，符合年轻人口味,在面料上选择质感强烈的织物增强表现力
31-35岁,,其他,,比较喜欢,完全不了解,5,3,2,1,2,5,3,4,2,3,5,1,3,5,5,4,4,3,2,4,5,3,2,3,3,4,4,3,5,4,4,3,3,4,2,4,3,5,4,5,3,5,2,5,3,4,5,2,4,4,"A8,A28,A10,A2,A12","B14,B12","A30,A29,B5,B9,B14",色彩饱和度高，具有视觉冲击力,在面料上选择质感强烈的织物增强表现力
20-25岁,,新媒体/互联网类,,一般,非常了解并关注,4,2,3,4,2,4,2,2,5,2,4,4,1,3,3,5,3,3,2,3,2,1,5,2,2,5,4,1,4,4,4,3,3,5,3,5,3,5,3,5,3,5,4,4,3,4,5,3,5,2,"A7,A32,A24,A18","B7,B12,B13","B3,B1,B12",墨色浓淡相宜，富有层次,建议用于男装外套局部图案，如胸口或袖口
31-35岁,,新媒体/互联网类,,非常喜欢,有所了解,4,3,3,1,2,2,2,2,4,3,3,5,3,5,2,3,3,3,3,2,4,3,1,3,4,4,1,4,5,4,5,3,5,5,4,5,1,4,3,4,3,5,2,5,3,3,4,2,5,4,"A8,A25,A1,A20","B11,B15","B7,B3,A1,A34,A29",色彩饱和度高，具有视觉冲击力,在面料上选择质感强烈的织物增强表现力
26-30岁,,新媒体/互联网类,,一般,有所了解,4,3,2,3,2,3,3,4,3,5,1,3,3,5,3,3,2,2,3,4,2,2,2,2,5,5,3,2,5,4,5,5,3,4,2,5,1,4,4,5,3,4,3,4,2,4,4,1,4,3,"A11,A23,A33","B6,B12","B1,B5,A26,A29,B7",抽象构图结合现代感，符合年轻人口味,搭配简洁剪裁，突出图案主体性
26-30岁,,时尚/服装类,,一般,听说过，不太了解,4,3,3,1,2,3,3,3,4,3,5,3,3,1,3,4,3,2,3,1,3,3,3,4,3,5,3,4,5,4,4,3,2,4,2,5,3,4,3,5,3,5,1,5,3,3,5,3,5,3,"A9,A18,A20,A26,A5","B7,B8,B10","A29,B7,B5,B9,A31",墨色浓淡相宜，富有层次,搭配简洁剪裁，突出图案主体性
20-25岁,,金融/商业类,,一般,完全不了解,4,2,3,2,1,3,2,2,5,2,2,2,4,4,2,2,4,2,5,3,2,4,3,2,3,5,2,3,4,5,4,2,3,5,4,4,4,5,2,5,3,5,5,5,1,4,4,3,4,2,"A23,A26,A5,A3,A2","B4,B2","A26,B3,B9,B12,A34",墨色浓淡相宜，富有层次,可用于整件服装印花，形成整体风格
26-30岁,,艺术/设计类,,一般,有所了解,5,4,4,3,3,3,3,3,3,2,5,4,2,1,4,4,5,2,1,5,2,4,1,4,2,5,3,5,4,4,4,4,3,5,2,5,3,4,4,4,3,5,5,5,2,3,4,2,5,4,"A25,A27,A5","B10,B5","A1,B12,A26",色彩饱和度高，具有视觉冲击力,搭配简洁剪裁，突出图案主体性
20-25岁,,学生,工业设计,比较喜欢,有所了解,5,2,2,3,4,3,4,2,4,3,4,3,2,2,3,1,5,2,3,2,1,3,3,4,1,5,3,5,4,5,5,3,1,5,1,5,3,5,5,4,3,4,4,5,5,5,5,5,4,5,"A2,A12,A21,A7,A29","B3,B11,B10","A30,B14,A31,B3,B7",抽象构图结合现代感，符合年轻人口味,可用于整件服装印花，形成整体风格
26-30岁,,学生,艺术史,非常喜欢,有所了解,5,3,2,4,2,4,4,5,2,5,3,3,3,3,5,3,5,2,3,3,3,5,4,3,4,5,1,3,5,5,4,3,1,4,3,4,4,5,2,5,1,5,1,4,3,5,5,2,4,3,"A11,A28,A34,A13,A6","B11,B15","A30,A1,A29",色彩淡雅、笔触灵动，意境深远,搭配简洁剪裁，突出图案主体性
31-35岁,,其他,,非常喜欢,非常了解并关注,5,2,2,2,3,1,3,5,1,3,4,3,2,1,3,3,2,4,4,2,4,2,3,2,3,4,3,2,5,4,4,2,1,5,5,5,4,4,2,5,5,5,3,4,2,3,5,1,5,5,"A35,A5,A22,A12","B4,B14,B15","B3,B5,A34,B9,B12",墨色浓淡相宜，富有层次,建议用于男装外套局部图案，如胸口或袖口
31-35岁,,"时尚/服装类,金融/商业类",,完全不了解/不感兴趣,有所了解,5,2,3,1,1,5,4,3,3,4,3,4,3,3,5,3,3,5,5,5,3,3,2,1,4,4,3,5,5,4,4,4,3,5,4,5,3,5,3,4,4,5,2,5,3,4,4,2,4,3,"A25,A5,A6,A9,A34","B2,B15,B8","A1,B7,B5",抽象构图结合现代感，符合年轻人口味,建议用于男装外套局部图案，如胸口或袖口
20-25岁,,文化/创意产业类,,完全不了解/不感兴趣,有所了解,4,3,5,3,1,5,2,3,3,3,2,5,5,3,2,2,2,3,3,1,3,4,4,3,4,4,3,4,5,5,5,5,3,5,4,4,3,5,3,4,3,4,3,4,3,3,5,3,4,3,"A17,A25,A23,A5","B5,B2","B7,A30,B5,B14,B9",抽象构图结合现代感，符合年轻人口味,在面料上选择质感强烈的织物增强表现力
20-25岁,,学生,工业设计,一般,听说过，不太了解,4,1,1,3,2,1,3,5,3,4,2,1,1,5,3,3,3,4,3,3,5,3,3,3,4,4,2,4,5,5,5,3,1,5,3,5,2,5,3,4,5,5,3,5,1,1,5,2,5,4,"A35,A8,A31","B11,B1,B14","B1,A31,A30,A34",色彩淡雅、笔触灵动，意境深远,可用于整件服装印花，形成整体风格
20-25岁,,"文化/创意产业类,教育/科研类",,比较喜欢,完全不了解,5,3,2,2,3,3,1,3,4,3,2,5,2,4,2,3,3,3,3,2,3,3,2,5,4,5,3,2,5,5,4,3,3,4,3,5,4,4,3,4,3,5,3,5,3,3,5,4,5,5,"A22,A4,A16,A32,A5","B6,B2","B7,B12,B14,A26",色彩饱和度高，具有视觉冲击力,可用于整件服装印花，形成整体风格
31-35岁,,新媒体/互联网类,,比较喜欢,有所了解,5,3,4,1,2,4,1,2,3,4,3,5,2,4,2,2,3,1,3,3,2,4,3,5,4,4,3,3,5,5,5,1,3,5,4,5,3,4,5,5,2,4,3,5,3,2,5,3,4,3,"A3,A7,A32,A33,A15","B7,B8,B5","A1,B14,B12",墨色浓淡相宜，富有层次,在面料上选择质感强烈的织物增强表现力
31-35岁,,教育/科研类,,一般,有所了解,4,3,3,5,4,3,5,4,5,2,4,3,4,2,3,3,4,4,2,2,4,3,3,4,4,4,3,4,5,4,4,2,5,5,3,4,1,5,3,5,2,4,4,4,4,2,4,3,5,3,"A2,A31,A4,A25,A9","B12,B7,B9","A26,B3,B14",抽象构图结合现代感，符合年轻人口味,搭配简洁剪裁，突出图案主体性
26-30岁,,文化/创意产业类,,非常喜欢,完全不了解,4,3,5,2,3,2,2,2,3,4,3,5,2,3,3,2,2,3,4,5,2,4,4,3,2,5,3,5,5,4,4,5,2,4,3,4,2,5,3,5,1,5,2,4,4,3,4,3,4,2,"A28,A4,A16,A15","B10,B1","B1,B12,B5",色彩淡雅、笔触灵动，意境深远,建议用于男装外套局部图案，如胸口或袖口
26-30岁,,其他,,比较喜欢,有所了解,5,2,2,3,3,4,2,3,4,3,3,2,2,1,3,5,4,3,4,3,3,2,3,2,3,5,2,2,4,5,4,3,3,5,2,5,3,5,4,5,2,5,3,5,1,1,4,2,5,2,"A16,A4,A5,A9,A29","B5,B1","A34,B7,B9,A30",抽象构图结合现代感，符合年轻人口味,可用于整件服装印花，形成整体风格
20-25岁,,金融/商业类,,比较喜欢,非常了解并关注,4,3,3,3,2,5,1,3,5,3,3,2,5,1,3,4,1,4,5,3,3,4,3,4,3,4,2,1,4,4,5,2,4,5,3,5,2,5,3,5,1,5,4,5,2,3,5,3,5,2,"A31,A8,A5,A17","B8,B12","A34,A30,B3,A31,B14",抽象构图结合现代感，符合年轻人口味,可用于整件服装印花，形成整体风格
20-25岁,,学生,工业设计,非常喜欢,有所了解,4,2,4,4,3,3,4,3,2,4,3,3,5,3,5,3,3,3,4,1,3,4,3,2,2,5,4,3,5,4,5,3,3,5,4,4,3,4,2,4,3,5,3,5,2,3,4,2,5,3,"A21,A35,A33,A7","B6,B7","B7,B3,A31,A26,A30",墨色浓淡相宜，富有层次,可用于整件服装印花，形成整体风格
31-35岁,,新媒体/互联网类,,非常喜欢,听说过，不太了解,4,5,3,2,3,2,1,4,3,3,2,1,3,3,4,3,4,2,1,2,4,4,2,1,3,5,4,2,5,5,4,3,3,4,5,5,3,4,4,4,2,4,3,4,3,1,5,5,5,3,"A14,A8,A24,A10,A3","B12,B8","B14,B3,A26,A1,B12",色彩淡雅、笔触灵动，意境深远,搭配简洁剪裁，突出图案主体性
20-25岁,,新媒体/互联网类,,非常喜欢,有所了解,4,3,3,5,2,3,5,3,4,1,5,2,5,2,3,3,3,2,5,3,3,2,4,3,5,5,2,3,5,5,5,1,3,5,2,4,4,4,3,5,5,5,3,4,2,4,5,4,5,2,"A25,A20,A6,A4,A18","B8,B1,B7","B3,A1,A30,B9",色彩饱和度高，具有视觉冲击力,可用于整件服装印花，形成整体风格
20-25岁,,学生,视觉传达,一般,听说过，不太了解,4,3,4,3,3,3,4,3,4,4,4,5,4,1,2,1,2,1,3,1,3,4,4,5,2,5,3,3,5,4,4,4,4,5,2,5,1,5,4,4,2,5,2,5,4,2,4,4,5,3,"A35,A4,A20,A3","B15,B1,B10","A31,B7,A30,A1",抽象构图结合现代感，符合年轻人口味,在面料上选择质感强烈的织物增强表现力
20-25岁,,学生,数字媒体,一般,有所了解,4,2,3,4,2,4,2,3,4,3,2,2,1,4,1,2,2,3,4,2,3,1,3,2,2,4,4,4,5,4,4,3,4,5,3,4,3,4,3,4,2,4,3,5,4,4,5,1,5,3,"A4,A7,A25,A19,A35","B7,B10,B12","B14,B5,A31,A29,B1",色彩饱和度高，具有视觉冲击力,可用于整件服装印花，形成整体风格
31-35岁,,"文化/创意产业类,艺术/设计类",,比较喜欢,完全不了解,5,3,4,1,3,4,2,2,4,3,5,2,3,3,4,2,3,2,4,2,1,3,3,2,2,5,1,1,4,5,4,4,4,4,2,5,4,5,4,4,3,4,3,5,2,1,4,3,5,3,"A18,A6,A16,A35","B6,B10,B7","B7,A31,A34",抽象构图结合现代感，符合年轻人口味,搭配简洁剪裁，突出图案主体性
26-30岁,,学生,视觉传达,非常喜欢,有所了解,4,3,4,3,3,1,1,1,3,3,2,3,3,1,3,4,2,3,2,4,5,3,2,3,2,4,3,1,4,5,5,1,3,5,1,5,4,5,2,4,4,5,4,5,3,5,5,5,4,4,"A1,A8,A20,A21,A17","B8,B15","B3,A1,B14",色彩淡雅、笔触灵动，意境深远,搭配简洁剪裁，突出图案主体性
20-25岁,,学生,数字媒体,比较喜欢,有所了解,4,5,3,5,5,3,2,2,3,3,3,3,2,3,1,4,1,3,2,4,3,2,3,5,5,4,4,1,4,5,4,4,5,4,2,5,3,5,4,5,2,5,2,5,1,3,4,3,5,3,"A14,A27,A4,A6,A18","B2,B8,B3","B14,A31,B12,B3",墨色浓淡相宜，富有层次,可用于整件服装印花，形成整体风格
26-30岁,,教育/科研类,,不太喜欢,听说过，不太了解,4,4,5,3,2,3,3,3,3,5,3,2,4,3,2,3,1,5,3,4,2,4,3,3,5,5,3,1,4,5,5,3,5,5,3,4,3,4,3,5,2,4,1,4,3,1,5,3,5,5,"A10,A4,A15","B11,B1","B9,B5,B3",抽象构图结合现代感，符合年轻人口味,建议用于男装外套局部图案，如胸口或袖口
26-30岁,,学生,工业设计,非常喜欢,听说过，不太了解,5,2,2,4,3,3,2,3,4,4,4,3,3,3,2,4,3,3,5,5,3,1,3,5,2,5,1,3,5,4,5,3,2,4,4,4,4,4,2,4,2,4,5,4,2,2,5,4,5,1,"A15,A4,A17,A2,A23","B10,B4","A26,B14,B5,B3",色彩淡雅、笔触灵动，意境深远,建议用于男装外套局部图案，如胸口或袖口
26-30岁,,文化/创意产业类,,比较喜欢,听说过，不太了解,4,2,3,3,2,3,4,3,3,4,4,3,3,4,2,3,2,5,1,2,3,4,3,4,3,5,4,1,5,5,5,4,4,4,3,4,2,5,2,4,4,5,4,5,3,4,5,5,4,4,"A21,A24,A27","B11,B7","A29,A1,A34,B7",抽象构图结合现代感，符合年轻人口味,搭配简洁剪裁，突出图案主体性
26-30岁,,时尚/服装类,,一般,听说过，不太了解,4,2,1,2,2,4,3,4,3,3,2,4,4,3,3,2,4,4,3,2,2,1,1,2,2,5,3,3,5,5,5,2,4,5,3,4,4,5,1,4,4,4,5,4,4,1,4,5,4,2,"A24,A31,A19,A2,A11","B1,B5,B3","A1,A26,B7,A30,A34",抽象构图结合现代感，符合年轻人口味,可用于整件服装印花，形成整体风格
26-30岁,,学生,数字媒体,比较喜欢,听说过，不太了解,5,3,3,1,3,2,1,3,1,3,3,4,2,3,3,5,5,3,3,3,3,3,3,2,4,5,2,4,5,4,5,5,3,5,3,5,4,5,5,4,3,5,3,5,1,4,5,1,5,2,"A3,A10,A25,A6,A5","B10,B9","B9,B5,B1,B12,A26",色彩淡雅、笔触灵动，意境深远,在面料上选择质感强烈的织物增强表现力
26-30岁,,学生,视觉传达,一般,听说过，不太了解,4,3,3,4,3,1,3,5,1,2,3,4,3,2,3,1,2,3,3,3,2,3,4,3,3,4,1,4,4,4,5,4,4,5,2,5,5,4,4,5,3,4,3,4,3,2,5,3,5,2,"A34,A29,A21,A18,A13","B15,B4,B6","B14,A34,A30",色彩饱和度高，具有视觉冲击力,搭配简洁剪裁，突出图案主体性
31-35岁,,教育/科研类,,比较喜欢,听说过，不太了解,5,3,3,5,4,3,2,4,5,2,5,2,5,4,3,3,3,3,5,4,3,5,3,4,4,5,1,3,5,5,5,4,3,5,2,4,3,4,2,5,1,4,4,5,3,3,5,1,5,3,"A16,A29,A27","B2,B6,B9","A26,A34,B9,B3,A30",色彩饱和度高，具有视觉冲击力,在面料上选择质感强烈的织物增强表现力
26-30岁,,文化/创意产业类,,比较喜欢,听说过，不太了解,5,4,3,4,1,3,1,2,3,4,3,3,2,3,3,3,3,3,3,3,2,3,3,4,4,5,3,3,5,5,4,4,2,4,4,5,4,4,4,5,4,5,3,4,4,3,4,4,5,3,"A9,A35,A16,A27,A17","B6,B15,B2","B1,B14,B5",墨色浓淡相宜，富有层次,在面料上选择质感强烈的织物增强表现力
20-25岁,,学生,视觉传达,非常喜欢,听说过，不太了解,4,1,5,2,3,5,3,4,5,4,3,3,3,4,4,4,3,3,3,1,4,2,3,4,1,5,1,5,5,4,5,4,3,5,5,4,4,4,3,4,3,4,3,5,3,3,5,2,5,3,"A12,A30,A1","B2,B7","B14,B5,B3,A26",墨色浓淡相宜，富有层次,建议用于男装外套局部图案，如胸口或袖口
20-25岁,,其他,,非常喜欢,有所了解,5,3,3,5,1,3,3,1,2,3,1,3,5,4,3,2,3,3,5,5,3,2,5,4,3,4,3,5,4,5,4,5,3,4,1,5,2,5,2,4,3,5,3,5,3,3,4,2,4,3,"A2,A11,A5,A9","B15,B7,B6","B1,B12,B5",墨色浓淡相宜，富有层次,搭配简洁剪裁，突出图案主体性
26-30岁,,艺术/设计类,,比较喜欢,有所了解,4,4,3,4,4,4,4,3,3,5,5,3,3,4,3,2,3,1,3,4,2,5,5,4,5,5,3,4,5,5,5,3,4,5,4,5,3,4,4,4,5,5,3,5,3,1,5,2,4,3,"A22,A7,A3,A5","B8,B7,B11","B12,B1,A31,B3",墨色浓淡相宜，富有层次,可用于整件服装印花，形成整体风格
26-30岁,,教育/科研类,,比较喜欢,有所了解,4,2,4,3,1,3,3,4,5,4,3,2,2,3,3,3,2,3,2,4,2,3,1,3,1,4,2,3,4,5,4,1,3,5,2,5,4,4,3,4,1,5,2,4,5,4,5,3,5,4,"A33,A6,A10,A1,A24","B7,B6,B8","B5,B12,B7",抽象构图结合现代感，符合年轻人口味,建议用于男装外套局部图案，如胸口或袖口
20-25岁,,文化/创意产业类,,非常喜欢,有所了解,5,2,3,3,3,4,4,5,3,3,4,4,4,3,2,4,4,4,2,3,3,4,4,2,3,4,3,3,5,5,4,3,3,4,5,5,2,5,2,5,3,4,4,5,5,1,5,4,4,3,"A32,A22,A4,A34","B5,B6,B7","B14,A29,B12,A1",墨色浓淡相宜，富有层次,在面料上选择质感强烈的织物增强表现力
31-35岁,,金融/商业类,,不太喜欢,非常了解并关注,5,3,3,2,3,4,3,3,2,4,3,5,1,3,2,3,2,4,4,2,2,4,3,3,2,5,2,3,5,5,4,3,2,5,3,4,2,4,1,5,3,5,2,5,3,2,5,4,5,3,"A21,A7,A23,A19","B2,B5","B3,B14,A30,A29",抽象构图结合现代感，符合年轻人口味,搭配简洁剪裁，突出图案主体性
其他,45岁,其他,,非常喜欢,听说过，不太了解,5,4,2,5,3,3,1,5,3,3,5,5,2,5,4,1,2,3,3,4,2,4,4,3,5,5,2,4,5,4,5,1,3,5,4,5,3,5,3,5,3,5,3,5,1,3,4,3,4,1,"A15,A18,A10","B4,B9","B14,A29,A1,B7,B9",墨色浓淡相宜，富有层次,建议用于男装外套局部图案，如胸口或袖口
20-25岁,,时尚/服装类,,非常喜欢,完全不了解,4,4,4,2,3,5,3,2,3,3,4,5,1,3,2,5,3,4,3,4,2,5,3,4,2,5,3,1,5,5,4,2,3,4,3,5,2,4,4,4,3,5,5,4,4,3,4,2,5,3,"A24,A14,A19","B12,B8,B9","B3,A31,A26",色彩淡雅、笔触灵动，意境深远,在面料上选择质感强烈的织物增强表现力
20-25岁,,时尚/服装类,,比较喜欢,听说过，不太了解,5,1,4,3,2,2,1,3,2,3,3,4,3,3,4,4,4,2,2,3,3,2,2,5,3,5,1,4,5,4,5,4,4,5,3,5,2,5,1,4,3,4,3,5,3,2,4,3,5,1,"A17,A6,A9,A18","B6,B13","B12,A30,A26",抽象构图结合现代感，符合年轻人口味,可用于整件服装印花，形成整体风格
26-30岁,,"金融/商业类,新媒体/互联网类",,比较喜欢,有所了解,5,2,3,4,3,3,1,5,4,3,1,1,3,2,3,3,4,2,3,4,3,4,2,4,5,4,3,1,5,5,4,4,4,5,3,5,4,4,3,5,3,4,1,5,3,4,5,2,5,2,"A30,A33,A5,A21","B7,B2","B14,B5,A34,A30,B12",色彩淡雅、笔触灵动，意境深远,建议用于男装外套局部图案，如胸口或袖口
20-25岁,,学生,艺术史,比较喜欢,非常了解并关注,4,4,2,2,5,3,1,1,3,3,1,2,5,3,3,2,2,3,5,1,5,2,3,1,3,5,3,3,4,5,4,3,2,5,4,4,5,5,3,4,4,5,2,5,5,3,5,3,5,3,"A25,A15,A13","B8,B3,B15","B12,B3,A31",墨色浓淡相宜，富有层次,可用于整件服装印花，形成整体风格
20-25岁,,"教育/科研类,艺术/设计类",,比较喜欢,听说过，不太了解,4,3,3,2,4,3,3,2,1,2,1,3,3,1,1,3,4,3,2,4,5,3,3,3,5,5,5,2,4,5,5,4,4,5,3,5,3,5,3,5,2,4,5,4,2,3,4,3,4,2,"A14,A1,A28,A5,A32","B12,B3","B1,B12,A31",色彩饱和度高，具有视觉冲击力,可用于整件服装印花，形成整体风格
31-35岁,,教育/科研类,,一般,听说过，不太了解,5,3,2,3,3,2,3,4,3,2,4,4,3,3,3,1,3,4,3,2,1,3,2,3,3,4,3,3,5,4,4,4,4,5,2,4,3,5,4,5,1,5,4,4,3,3,4,3,5,4,"A31,A34,A12,A20","B15,B5","B3,B14,B9,B1,A34",色彩饱和度高，具有视觉冲击力,搭配简洁剪裁，突出图案主体性
31-35岁,,艺术/设计类,,一般,有所了解,4,4,2,1,1,5,2,3,5,3,1,3,1,1,4,2,3,3,2,3,1,3,3,2,3,4,3,4,5,5,5,5,2,5,3,5,5,5,4,5,3,5,2,5,5,4,5,3,4,2,"A8,A19,A27","B6,B4,B11","A26,A29,B3,A34",色彩淡雅、笔触灵动，意境深远,搭配简洁剪裁，突出图案主体性
20-25岁,,学生,视觉传达,一般,听说过，不太了解,4,1,3,2,3,2,3,5,3,4,3,3,4,3,1,1,4,3,3,2,2,4,4,3,2,5,3,4,4,5,5,3,4,5,2,5,2,5,5,5,4,5,3,5,1,2,5,1,5,3,"A9,A31,A32,A27","B1,B5","B5,A30,B1,A1",抽象构图结合现代感，符合年轻人口味,搭配简洁剪裁，突出图案主体性
20-25岁,,教育/科研类,,不太喜欢,非常了解并关注,5,3,3,4,2,3,3,1,2,2,3,2,3,3,5,3,5,1,4,1,4,3,3,3,2,5,5,2,5,4,5,5,2,5,3,4,4,5,5,4,3,5,5,4,5,3,5,3,5,3,"A27,A26,A29,A28","B5,B1,B15","B12,A30,A34,A1",抽象构图结合现代感，符合年轻人口味,在面料上选择质感强烈的织物增强表现力
26-30岁,,时尚/服装类,,非常喜欢,听说过，不太了解,4,4,3,3,3,3,4,4,2,5,3,4,2,1,3,3,5,2,1,1,2,3,3,3,1,4,2,4,5,5,5,4,3,5,5,5,2,5,5,5,2,5,5,4,4,4,4,3,4,3,"A11,A35,A14","B10,B15","A29,B7,B5,A1",色彩淡雅、笔触灵动，意境深远,在面料上选择质感强烈的织物增强表现力
31-35岁,,艺术/设计类,,不太喜欢,完全不了解,4,5,1,3,4,4,4,1,2,5,1,1,4,3,3,2,4,5,1,3,2,4,3,4,3,5,4,3,5,4,4,3,3,5,4,5,4,5,2,4,4,4,2,4,3,3,4,3,4,4,"A22,A23,A5,A4,A34","B6,B9","A29,B5,B1",墨色浓淡相宜，富有层次,搭配简洁剪裁，突出图案主体性
31-35岁,,其他,,非常喜欢,听说过，不太了解,4,3,5,5,4,5,4,4,2,5,4,2,3,1,5,3,2,2,5,3,3,3,1,1,3,5,3,3,4,5,4,1,2,4,2,5,4,4,3,5,2,5,2,4,3,2,5,1,5,3,"A24,A22,A27","B9,B12","A1,B14,B12",色彩淡雅、笔触灵动，意境深远,在面料上选择质感强烈的织物增强表现力
20-25岁,,其他,,一般,听说过，不太了解,4,3,2,2,1,5,3,1,1,2,1,3,1,1,3,5,3,4,1,4,1,4,4,4,4,5,2,3,5,4,5,3,1,5,3,4,3,5,4,5,3,4,1,4,5,5,5,3,4,3,"A3,A11,A19,A20","B4,B11","A30,A1,A31,A26,B1",色彩饱和度高，具有视觉冲击力,可用于整件服装印花，形成整体风格
26-30岁,,其他,,一般,听说过，不太了解,5,4,1,3,2,2,1,2,5,3,5,2,2,3,3,3,3,4,3,3,3,4,3,3,2,5,5,2,5,5,5,5,3,5,3,4,3,5,4,4,3,5,3,4,2,4,5,4,5,3,"A18,A6,A5,A33,A27","B1,B12","B7,A29,A26,B14,B1",墨色浓淡相宜，富有层次,搭配简洁剪裁，突出图案主体性
31-35岁,,其他,,比较喜欢,有所了解,5,5,4,4,3,4,4,4,3,1,3,3,5,3,3,5,1,2,3,3,3,4,3,2,3,4,3,2,5,5,4,3,3,4,3,5,3,4,4,4,1,4,5,5,2,3,4,3,4,1,"A28,A33,A2,A20","B8,B4,B2","B9,B7,B3,B1",抽象构图结合现代感，符合年轻人口味,在面料上选择质感强烈的织物增强表现力
31-35岁,,艺术/设计类,,一般,听说过，不太了解,5,5,3,2,1,3,1,3,1,3,2,3,3,3,3,5,4,3,3,3,1,1,3,3,1,4,2,5,4,4,5,3,3,5,3,5,2,4,5,4,2,4,1,4,1,2,4,1,5,4,"A27,A18,A31","B15,B12,B9","A30,B1,A1,B3,B12",抽象构图结合现代感，符合年轻人口味,建议用于男装外套局部图案，如胸口或袖口
20-25岁,,时尚/服装类,,一般,非常了解并关注,5,5,2,3,4,3,3,1,2,1,3,3,5,3,2,1,4,3,4,1,3,3,1,4,3,4,4,3,4,5,4,4,4,4,3,4,3,5,2,4,3,5,3,5,3,4,4,3,4,5,"A2,A26,A15","B6,B8,B10","B9,A31,A34",墨色浓淡相宜，富有层次,建议用于男装外套局部图案，如胸口或袖口
20-25岁,,艺术/设计类,,一般,有所了解,5,3,2,5,4,4,3,1,3,3,4,4,2,3,3,3,3,2,2,4,1,4,3,5,5,5,3,3,4,4,5,4,2,5,3,5,2,4,5,4,3,5,3,5,4,2,4,3,5,3,"A11,A14,A32,A16,A6","B7,B10","B5,B12,B7,A30",色彩淡雅、笔触灵动，意境深远,在面料上选择质感强烈的织物增强表现力
31-35岁,,新媒体/互联网类,,比较喜欢,非常了解并关注,5,3,3,4,3,2,3,3,4,3,2,3,4,4,1,1,3,3,2,3,5,3,3,4,2,5,3,3,5,4,4,5,2,4,3,5,3,5,3,5,4,4,4,5,3,3,5,3,5,2,"A20,A22,A10,A3","B12,B10,B14","A1,A31,A30,B5",色彩饱和度高，具有视觉冲击力,在面料上选择质感强烈的织物增强表现力
20-25岁,,学生,平面设计,一般,听说过，不太了解,5,4,4,5,1,3,4,2,3,3,4,3,3,3,2,5,3,3,2,3,5,5,3,2,3,4,3,3,5,5,4,4,4,5,5,5,3,5,3,5,3,5,2,5,3,3,5,3,4,4,"A16,A21,A30,A31,A33","B15,B2","B12,A26,B1,A29",色彩淡雅、笔触灵动，意境深远,可用于整件服装印花，形成整体风格
26-30岁,,金融/商业类,,一般,听说过，不太了解,4,4,1,3,3,3,3,2,3,3,3,3,3,3,4,3,3,3,3,3,3,3,2,2,2,4,1,3,4,4,4,3,4,5,3,5,1,4,1,4,2,5,2,5,4,5,4,4,5,5,"A8,A11,A13,A29,A3","B8,B3,B11","B3,A29,B5,B1,B7",色彩淡雅、笔触灵动，意境深远,搭配简洁剪裁，突出图案主体性
26-30岁,,"艺术/设计类,金融/商业类",,非常喜欢,非常了解并关注,5,1,2,5,2,4,4,1,1,3,5,4,3,3,3,4,3,2,4,3,1,4,3,3,3,5,3,4,5,5,5,3,2,4,3,5,3,5,1,5,3,4,3,4,3,3,5,3,5,4,"A18,A34,A21,A24","B3,B5","B9,A30,B7,A34,B5",抽象构图结合现代感，符合年轻人口味,在面料上选择质感强烈的织物增强表现力
26-30岁,,学生,数字媒体,比较喜欢,非常了解并关注,5,4,1,3,5,4,3,2,2,4,4,3,2,5,4,2,1,3,2,2,1,5,4,2,4,5,3,4,5,5,5,3,2,4,3,5,3,4,1,5,3,4,4,5,4,2,4,4,5,5,"A22,A9,A11","B1,B6,B7","A29,B3,A26",色彩淡雅、笔触灵动，意境深远,搭配简洁剪裁，突出图案主体性
26-30岁,,"教育/科研类,文化/创意产业类",,比较喜欢,有所了解,5,1,3,5,3,2,4,4,3,5,2,5,4,3,4,2,2,5,1,1,3,2,4,5,3,5,3,2,4,4,5,3,5,5,4,4,4,5,5,4,3,5,2,5,2,2,5,3,5,3,"A7,A35,A30","B2,B1,B10","B7,A29,A26,A34",墨色浓淡相宜，富有层次,搭配简洁剪裁，突出图案主体性
20-25岁,,"教育/科研类,艺术/设计类",,一般,听说过，不太了解,5,5,3,3,5,3,3,1,4,5,3,3,3,4,1,4,4,3,2,3,2,3,1,3,3,5,4,5,4,4,5,1,2,5,3,4,3,5,2,5,2,4,2,4,4,2,5,3,5,5,"A18,A19,A28","B6,B10,B13","A31,B5,B12,A30",色彩淡雅、笔触灵动，意境深远,可用于整件服装印花，形成整体风格
26-30岁,,学生,服装设计,完全不了解/不感兴趣,听说过，不太了解,5,3,4,3,5,3,4,5,3,1,2,5,4,3,5,2,2,3,3,3,4,2,4,3,5,5,3,2,5,4,4,1,5,5,5,5,1,5,3,4,2,4,4,4,2,3,4,1,5,3,"A14,A18,A12,A17,A7","B13,B9","B9,B1,A34,B7,A31",色彩饱和度高，具有视觉冲击力,可用于整件服装印花，形成整体风格
26-30岁,,文化/创意产业类,,一般,有所了解,4,1,1,3,1,2,5,1,2,4,4,1,2,3,3,2,2,2,2,2,3,2,3,3,2,5,5,2,4,5,4,5,2,5,2,4,2,5,4,5,3,5,3,5,2,3,5,4,5,2,"A15,A14,A6","B3,B15","A1,A34,A26,B14",墨色浓淡相宜，富有层次,在面料上选择质感强烈的织物增强表现力
31-35岁,,时尚/服装类,,不太喜欢,完全不了解,4,4,3,4,2,3,1,3,5,3,1,5,2,4,4,3,3,2,3,2,3,3,3,5,3,5,4,1,5,4,5,5,5,4,2,5,4,5,1,5,2,5,3,5,2,3,5,3,5,4,"A31,A21,A20,A33,A8","B9,B7","B14,B1,B3,A34",抽象构图结合现代感，符合年轻人口味,搭配简洁剪裁，突出图案主体性
20-25岁,,金融/商业类,,比较喜欢,有所了解,4,3,3,5,3,3,4,4,3,1,4,1,4,3,3,4,1,3,3,4,4,4,1,1,4,4,3,3,5,4,4,4,1,5,4,4,2,4,2,5,2,4,3,5,5,4,5,2,5,3,"A14,A11,A18","B14,B7","B3,B14,A31,A26,B5",色彩饱和度高，具有视觉冲击力,搭配简洁剪裁，突出图案主体性
26-30岁,,学生,艺术史,比较喜欢,有所了解,4,3,3,1,5,3,5,3,3,5,4,2,1,3,3,4,3,3,3,3,3,3,3,3,5,4,4,3,4,5,5,5,5,4,5,4,1,5,3,5,3,4,1,5,2,1,5,5,4,2,"A24,A30,A23","B4,B10,B9","B1,A34,A29",色彩淡雅、笔触灵动，意境深远,可用于整件服装印花，形成整体风格
20-25岁,,学生,数字媒体,比较喜欢,有所了解,5,2,1,5,4,2,3,3,4,4,3,3,4,3,5,3,4,5,3,1,4,4,3,2,5,5,3,5,5,5,5,5,3,5,3,5,3,5,3,5,4,5,4,4,2,2,4,3,5,3,"A34,A13,A1,A20","B2,B6,B5","A1,B7,A31,B14,B9",色彩饱和度高，具有视觉冲击力,在面料上选择质感强烈的织物增强表现力
26-30岁,,艺术/设计类,,非常喜欢,听说过，不太了解,4,3,2,3,3,3,2,2,3,5,2,2,2,4,5,1,4,3,4,3,1,3,4,5,3,4,3,4,5,5,4,1,3,4,3,5,2,5,2,5,2,4,4,5,2,1,5,3,4,1,"A17,A18,A4,A2,A31","B8,B3,B15","B9,B5,A26,A1,A34",色彩淡雅、笔触灵动，意境深远,可用于整件服装印花，形成整体风格
26-30岁,,学生,视觉传达,比较喜欢,非常了解并关注,4,3,5,4,3,1,1,2,5,3,4,4,3,5,2,3,4,3,2,2,4,1,5,1,3,5,3,3,5,5,5,2,1,4,2,5,3,5,2,4,4,5,5,5,3,5,5,5,4,5,"A12,A9,A6,A27,A8","B8,B11","A1,A34,A26,B5,A31",墨色浓淡相宜，富有层次,建议用于男装外套局部图案，如胸口或袖口
26-30岁,,学生,平面设计,非常喜欢,听说过，不太了解,5,5,2,3,3,3,3,3,1,1,1,4,3,3,3,4,1,2,3,5,3,2,3,5,3,4,3,5,5,5,4,3,3,4,4,4,2,5,2,5,3,5,4,5,3,3,5,1,5,2,"A21,A11,A24,A34,A1","B7,B14,B11","A1,A26,A30,B5,A29",抽象构图结合现代感，符合年轻人口味,建议用于男装外套局部图案，如胸口或袖口
20-25岁,,学生,艺术史,非常喜欢,完全不了解,5,3,4,3,4,4,2,3,3,5,3,4,4,3,4,3,3,4,2,3,3,3,5,5,3,5,4,3,4,5,5,2,4,5,2,5,2,4,4,5,2,5,2,4,1,2,4,5,4,3,"A3,A18,A13,A33","B3,B11,B12","A31,B14,B5",抽象构图结合现代感，符合年轻人口味,建议用于男装外套局部图案，如胸口或袖口
26-30岁,,新媒体/互联网类,,比较喜欢,非常了解并关注,5,1,2,3,3,3,3,3,3,3,5,5,3,1,3,2,3,2,4,1,5,2,3,5,2,5,3,5,5,4,5,2,2,4,2,5,3,5,3,5,1,4,4,5,4,3,4,1,5,3,"A6,A30,A8,A12","B3,B6","B9,A1,A29,B12,A30",抽象构图结合现代感，符合年轻人口味,在面料上选择质感强烈的织物增强表现力
20-25岁,,艺术/设计类,,一般,有所了解,5,2,2,4,3,4,2,5,2,4,3,2,2,2,3,5,3,3,4,3,3,5,2,3,4,4,4,2,4,4,5,4,2,4,3,5,4,5,4,5,2,4,3,5,4,3,4,3,5,4,"A16,A20,A13,A9,A4","B12,B5,B3","A29,B7,A34,B1",墨色浓淡相宜，富有层次,可用于整件服装印花，形成整体风格
20-25岁,,新媒体/互联网类,,比较喜欢,有所了解,5,3,3,3,2,2,4,3,3,2,1,3,1,3,4,2,4,4,2,3,2,3,2,3,3,4,2,3,5,5,4,3,3,4,3,4,4,5,1,5,3,4,1,4,3,2,5,4,5,3,"A12,A19,A17","B5,B2,B8","B7,A34,B12,B5",色彩饱和度高，具有视觉冲击力,可用于整件服装印花，形成整体风格
26-30岁,,艺术/设计类,,比较喜欢,有所了解,4,3,1,2,3,5,5,4,3,4,4,5,3,2,1,5,1,2,3,1,5,2,1,5,3,5,3,3,4,5,4,5,1,4,4,5,3,5,1,4,5,4,3,5,2,4,5,4,4,2,"A25,A10,A35,A14,A28","B11,B13,B15","A30,A34,B5,B9",抽象构图结合现代感，符合年轻人口味,建议用于男装外套局部图案，如胸口或袖口
31-35岁,,金融/商业类,,一般,听说过，不太了解,5,2,4,2,5,2,4,3,2,3,2,2,2,4,2,5,1,3,4,5,2,3,2,3,4,4,3,2,4,4,5,1,3,5,3,5,3,5,3,5,5,5,2,5,3,4,5,3,5,1,"A17,A14,A30","B1,B2,B9","B9,A29,B3,B12,B14",抽象构图结合现代感，符合年轻人口味,搭配简洁剪裁，突出图案主体性
26-30岁,,学生,工业设计,一般,非常了解并关注,4,1,5,3,3,4,3,3,3,1,2,2,3,2,3,3,2,5,5,1,4,3,4,2,2,5,4,3,5,5,4,3,2,5,5,5,3,5,2,4,3,5,4,4,3,4,4,3,4,3,"A3,A21,A7,A23","B3,B7","A34,B14,B9,A26",墨色浓淡相宜，富有层次,搭配简洁剪裁，突出图案主体性
26-30岁,,学生,平面设计,一般,有所了解,4,3,4,1,3,3,3,1,3,4,5,1,3,2,3,1,1,4,1,3,5,5,2,3,3,5,5,4,5,4,5,3,2,4,2,4,2,4,2,5,3,4,5,5,4,5,4,3,5,3,"A30,A35,A12","B8,B13","B3,B7,B12,B1,B9",色彩饱和度高，具有视觉冲击力,可用于整件服装印花，形成整体风格
20-25岁,,新媒体/互联网类,,完全不了解/不感兴趣,听说过，不太了解,5,2,3,2,2,4,3,3,4,1,3,3,3,4,5,3,3,3,4,3,2,1,5,2,3,5,3,3,4,5,4,3,3,5,2,5,2,4,4,4,4,5,5,5,3,3,5,4,5,5,"A24,A22,A31,A26,A20","B15,B4","A26,B1,B12,A31,B9",色彩淡雅、笔触灵动，意境深远,可用于整件服装印花，形成整体风格
31-35岁,,金融/商业类,,不太喜欢,听说过，不太了解,4,5,3,3,4,3,4,3,3,1,3,4,3,3,2,4,1,4,3,1,4,3,3,4,3,5,4,3,4,4,5,5,3,4,2,5,2,5,5,5,1,5,4,4,3,4,5,2,4,3,"A20,A34,A13","B3,B11","B14,A1,A26,A31",墨色浓淡相宜，富有层次,搭配简洁剪裁，突出图案主体性
其他,43岁,时尚/服装类,,比较喜欢,完全不了解,5,5,4,2,4,1,4,3,5,5,1,2,3,4,4,5,3,2,1,2,3,5,3,4,3,4,3,3,5,5,4,4,5,5,2,4,1,4,5,4,3,5,4,4,3,2,4,3,5,1,"A30,A1,A10","B15,B3","A31,A26,A29,A30",墨色浓淡相宜，富有层次,在面料上选择质感强烈的织物增强表现力
20-25岁,,学生,服装设计,完全不了解/不感兴趣,有所了解,5,2,4,3,2,4,4,5,4,2,3,3,2,4,3,5,3,3,1,2,4,5,3,4,3,5,2,3,5,5,4,3,3,4,4,5,4,5,1,5,2,5,1,4,1,1,5,5,5,2,"A16,A10,A24,A1,A31","B6,B2","B5,B9,B1,A30",色彩饱和度高，具有视觉冲击力,在面料上选择质感强烈的织物增强表现力
31-35岁,,其他,,比较喜欢,非常了解并关注,4,4,4,3,3,3,4,4,3,2,2,4,4,2,2,3,3,3,3,4,4,2,3,2,4,5,2,2,4,5,4,3,3,5,4,4,5,4,2,5,3,4,3,4,4,3,5,5,5,3,"A16,A7,A25,A9","B13,B3,B7","A31,B9,B1,B7",色彩饱和度高，具有视觉冲击力,建议用于男装外套局部图案，如胸口或袖口
20-25岁,,新媒体/互联网类,,非常喜欢,有所了解,5,2,2,2,3,3,3,3,5,3,3,5,5,3,5,3,3,3,3,3,3,4,3,2,1,5,4,3,5,5,5,3,3,4,5,5,4,5,3,5,2,5,1,5,3,5,5,2,4,5,"A2,A15,A12,A16","B6,B15,B9","B7,B14,B1",色彩淡雅、笔触灵动，意境深远,可用于整件服装印花，形成整体风格
26-30岁,,学生,艺术史,非常喜欢,听说过，不太了解,4,2,4,3,3,5,3,4,2,2,2,3,5,5,4,3,4,3,1,3,3,2,2,2,3,4,4,3,4,5,5,3,4,4,4,5,2,5,2,4,1,4,4,5,4,2,5,2,5,4,"A13,A3,A14,A20","B2,B6,B7","A29,B1,B14,A31,B7",色彩饱和度高，具有视觉冲击力,在面料上选择质感强烈的织物增强表现力
20-25岁,,艺术/设计类,,一般,听说过，不太了解,5,5,4,3,3,3,5,5,3,4,5,2,3,3,4,3,4,3,2,2,2,1,3,3,2,5,3,2,5,5,4,2,5,5,3,5,4,5,3,5,3,4,5,5,3,5,4,1,5,3,"A27,A12,A11,A26","B8,B13","A34,B9,A26",色彩饱和度高，具有视觉冲击力,建议用于男装外套局部图案，如胸口或袖口
26-30岁,,学生,艺术史,比较喜欢,有所了解,5,2,3,4,5,4,3,3,3,4,4,5,4,2,4,4,4,5,3,3,1,3,3,5,5,5,1,3,5,4,4,4,2,4,3,5,4,5,4,5,5,5,3,5,4,5,4,3,5,1,"A9,A33,A25,A30","B8,B11","B1,B14,A1,A31,B12",抽象构图结合现代感，符合年轻人口味,建议用于男装外套局部图案，如胸口或袖口
26-30岁,,金融/商业类,,比较喜欢,有所了解,5,5,3,4,4,3,3,3,1,3,5,3,3,2,2,3,2,2,3,3,2,1,1,2,2,5,3,3,5,5,4,2,5,5,2,4,3,5,3,5,2,4,3,5,2,4,5,2,5,3,"A33,A24,A31,A22","B2,B13,B3","B5,B1,B9,A26",墨色浓淡相宜，富有层次,建议用于男装外套局部图案，如胸口或袖口
26-30岁,,"新媒体/互联网类,其他",,比较喜欢,有所了解,4,3,1,2,4,1,3,5,2,3,3,3,3,3,2,1,4,2,4,4,1,2,2,3,4,4,2,3,4,5,5,3,3,4,3,4,3,5,2,4,2,4,3,4,3,3,5,4,5,1,"A17,A13,A33,A30,A28","B8,B5","A26,B3,B12",抽象构图结合现代感，符合年轻人口味,建议用于男装外套局部图案，如胸口或袖口
20-25岁,,学生,工业设计,比较喜欢,非常了解并关注,4,4,1,5,4,4,4,1,2,2,2,3,4,2,2,3,1,3,2,4,3,3,2,5,3,5,5,3,5,4,4,4,2,5,3,5,3,4,2,4,3,5,3,5,2,4,5,3,5,4,"A24,A17,A28,A22,A19","B9,B5","A31,A34,B1",色彩淡雅、笔触灵动，意境深远,在面料上选择质感强烈的织物增强表现力
26-30岁,,新媒体/互联网类,,一般,有所了解,4,5,2,2,2,3,2,3,5,1,4,2,1,3,4,2,3,2,5,2,3,4,3,5,5,5,3,2,5,4,5,3,3,4,3,4,2,4,2,5,3,4,3,5,3,5,4,4,5,3,"A3,A8,A23,A35","B4,B3,B2","A26,A29,B12,B3,B1",抽象构图结合现代感，符合年轻人口味,搭配简洁剪裁，突出图案主体性
26-30岁,,时尚/服装类,,一般,非常了解并关注,5,4,3,2,2,1,1,2,1,2,3,5,5,2,2,3,2,3,3,3,4,4,5,2,4,5,3,4,5,5,4,3,3,5,3,4,3,4,5,4,3,5,3,5,4,1,5,3,5,3,"A16,A34,A30,A3,A5","B6,B1,B3","B12,B9,A26,B1,B5",色彩淡雅、笔触灵动，意境深远,搭配简洁剪裁，突出图案主体性
26-30岁,,学生,视觉传达,比较喜欢,非常了解并关注,4,3,3,2,4,3,5,3,2,4,3,3,3,2,3,1,3,4,4,1,4,3,2,4,3,4,2,3,4,5,5,3,1,5,3,5,4,4,3,5,3,4,2,4,5,3,4,4,5,3,"A20,A28,A26,A2,A12","B12,B11,B15","B1,A26,A30",抽象构图结合现代感，符合年轻人口味,搭配简洁剪裁，突出图案主体性
26-30岁,,金融/商业类,,非常喜欢,听说过，不太了解,4,2,2,4,3,4,3,2,3,3,3,2,4,4,3,4,3,1,3,2,2,2,5,3,4,4,2,4,5,5,4,5,3,4,3,5,1,5,3,4,2,4,2,5,4,3,5,2,5,2,"A35,A16,A4,A24,A31","B13,B7","B12,B14,A29,A31",色彩淡雅、笔触灵动，意境深远,在面料上选择质感强烈的织物增强表现力
20-25岁,,文化/创意产业类,,完全不了解/不感兴趣,完全不了解,5,3,2,3,1,2,1,2,3,3,3,4,3,5,3,2,2,3,4,2,4,3,2,3,3,4,3,4,5,4,5,2,2,4,4,5,3,5,4,4,4,5,2,4,4,2,4,4,5,1,"A19,A18,A1,A27,A14","B13,B7","A29,A31,B12,B3,A34",色彩淡雅、笔触灵动，意境深远,可用于整件服装印花，形成整体风格
20-25岁,,文化/创意产业类,,完全不了解/不感兴趣,听说过，不太了解,5,5,1,1,3,3,1,3,3,4,1,3,2,3,3,5,1,3,2,3,4,5,3,4,2,4,4,2,4,4,4,1,4,5,3,4,3,5,5,5,3,5,2,4,4,2,4,5,5,2,"A21,A15,A5","B12,B15,B10","B7,B1,B9,B14",抽象构图结合现代感，符合年轻人口味,在面料上选择质感强烈的织物增强表现力
26-30岁,,时尚/服装类,,比较喜欢,听说过，不太了解,5,3,3,3,3,5,3,1,4,2,3,1,3,5,4,2,5,3,3,3,5,1,3,3,1,5,3,4,4,5,5,3,3,5,4,5,3,5,1,5,5,5,4,4,5,3,4,3,5,2,"A1,A22,A21,A23,A29","B8,B14","B3,A30,B5,A29,B1",抽象构图结合现代感，符合年轻人口味,在面料上选择质感强烈的织物增强表现力
31-35岁,,"艺术/设计类,其他",,不太喜欢,完全不了解,4,2,3,3,4,3,5,5,3,3,3,3,3,2,1,2,5,2,1,3,1,1,3,3,1,5,3,3,5,4,5,4,5,5,3,5,3,5,4,4,2,4,2,5,2,2,5,1,4,3,"A6,A32,A23,A14,A34","B5,B15,B13","B3,B9,B14,A1",墨色浓淡相宜，富有层次,可用于整件服装印花，形成整体风格
26-30岁,,金融/商业类,,非常喜欢,有所了解,5,4,3,3,3,2,2,4,2,3,1,4,5,3,3,3,4,1,3,3,3,2,2,4,1,5,3,2,5,5,5,4,3,5,3,5,3,5,3,4,2,4,4,4,3,5,5,1,5,2,"A28,A27,A2,A19","B4,B7,B9","B1,B7,A26",色彩淡雅、笔触灵动，意境深远,在面料上选择质感强烈的织物增强表现力
26-30岁,,文化/创意产业类,,非常喜欢,有所了解,4,2,5,3,4,3,3,2,2,3,4,1,3,1,3,3,4,2,2,3,5,3,3,3,1,5,2,4,5,5,4,4,2,5,4,5,3,5,2,5,2,4,2,4,2,1,5,4,4,2,"A8,A19,A12","B13,B15","B1,B5,B14,A34,A30",色彩饱和度高，具有视觉冲击力,搭配简洁剪裁，突出图案主体性
26-30岁,,新媒体/互联网类,,比较喜欢,听说过，不太了解,5,3,2,3,1,3,3,4,2,3,2,3,4,4,5,5,4,2,2,3,5,3,2,5,3,5,4,4,5,5,5,3,3,5,3,4,3,5,1,5,2,4,2,5,2,3,5,4,5,3,"A7,A21,A33,A35","B4,B14,B7","B14,B3,A31,B12",墨色浓淡相宜，富有层次,可用于整件服装印花，形成整体风格
31-35岁,,时尚/服装类,,非常喜欢,非常了解并关注,4,5,3,3,3,4,5,4,4,3,3,4,4,3,1,1,2,3,3,5,3,2,2,4,3,5,3,2,4,4,4,3,3,5,4,5,3,5,2,5,3,5,5,5,2,3,5,4,4,3,"A1,A35,A22,A30","B11,B2","B7,B9,B1,B12",色彩饱和度高，具有视觉冲击力,可用于整件服装印花，形成整体风格
31-35岁,,教育/科研类,,不太喜欢,非常了解并关注,5,2,5,3,3,2,2,3,4,4,4,4,5,4,2,4,3,5,3,2,2,3,2,5,2,4,1,2,5,4,4,1,3,5,3,4,3,5,3,5,5,4,2,4,3,1,5,5,4,3,"A15,A9,A33","B10,B15","B1,A1,A34,B7,A30",墨色浓淡相宜，富有层次,在面料上选择质感强烈的织物增强表现力
26-30岁,,学生,视觉传达,非常喜欢,听说过，不太了解,4,4,1,3,4,2,2,2,4,4,2,4,4,5,3,4,3,4,1,2,4,4,3,3,3,4,1,1,5,4,4,5,2,5,4,4,2,5,3,5,3,5,1,5,2,3,4,3,5,1,"A24,A2,A25","B14,B3","A34,B12,A30,A29",色彩饱和度高，具有视觉冲击力,可用于整件服装印花，形成整体风格
20-25岁,,新媒体/互联网类,,一般,听说过，不太了解,5,3,3,2,3,3,5,5,5,3,3,4,4,4,2,4,3,3,4,3,3,3,3,1,3,5,3,4,4,5,5,3,1,4,4,4,5,4,5,5,3,4,3,4,3,3,5,4,5,2,"A19,A5,A2","B10,B8","A30,B9,B7,B3",墨色浓淡相宜，富有层次,可用于整件服装印花，形成整体风格
20-25岁,,时尚/服装类,,一般,非常了解并关注,4,3,3,3,3,2,2,3,3,1,3,3,1,4,3,2,3,3,5,4,3,2,4,4,2,4,4,4,4,5,4,2,3,5,4,5,2,5,1,5,4,4,2,5,3,1,5,3,4,3,"A8,A22,A11,A16,A30","B1,B12","B9,B14,B1",色彩饱和度高，具有视觉冲击力,在面料上选择质感强烈的织物增强表现力
26-30岁,,艺术/设计类,,比较喜欢,听说过，不太了解,5,3,3,1,4,3,3,5,4,3,4,5,4,3,3,2,3,3,3,3,2,1,3,3,3,5,4,3,4,5,5,3,2,4,2,5,4,5,3,5,5,5,4,5,3,1,5,3,5,4,"A17,A35,A8,A2","B8,B14,B12","A31,B1,A1",抽象构图结合现代感，符合年轻人口味,在面料上选择质感强烈的织物增强表现力
20-25岁,,教育/科研类,,非常喜欢,非常了解并关注,5,2,3,2,4,4,3,3,5,1,3,2,3,2,2,2,3,3,3,3,2,4,3,2,2,5,4,3,4,5,5,4,3,4,1,4,3,4,3,5,3,5,3,5,4,3,4,4,5,4,"A29,A28,A8,A7,A10","B13,B14,B10","B12,A29,A34",色彩饱和度高，具有视觉冲击力,搭配简洁剪裁，突出图案主体性
26-30岁,,文化/创意产业类,,一般,非常了解并关注,5,3,3,3,3,4,3,2,1,4,4,2,3,2,5,2,2,2,4,4,3,2,3,2,1,5,4,5,5,4,5,2,2,4,5,5,2,4,4,5,3,4,3,5,5,2,5,2,5,2,"A31,A14,A17","B6,B11","A26,B3,B12,A30,A31",抽象构图结合现代感，符合年轻人口味,搭配简洁剪裁，突出图案主体性
31-35岁,,教育/科研类,,比较喜欢,听说过，不太了解,5,1,1,3,3,2,4,2,5,1,2,3,3,2,4,3,1,4,5,3,4,2,2,3,5,5,1,3,4,4,5,3,1,4,3,5,3,5,2,4,4,4,3,5,3,1,5,1,5,3,"A22,A29,A17,A18","B13,B3","B5,A31,A1",墨色浓淡相宜，富有层次,搭配简洁剪裁，突出图案主体性
20-25岁,,金融/商业类,,一般,完全不了解,4,4,2,1,5,3,2,3,2,3,3,4,1,2,1,1,5,5,4,3,4,1,2,3,4,5,3,2,5,5,4,3,3,5,3,4,3,4,4,5,3,4,3,5,2,1,5,4,5,3,"A19,A20,A11,A31","B11,B5,B3","B14,B12,A29,B9,A31",色彩饱和度高，具有视觉冲击力,搭配简洁剪裁，突出图案主体性
26-30岁,,教育/科研类,,一般,完全不了解,5,4,4,3,4,3,2,4,5,3,4,2,5,3,3,4,4,4,5,1,2,4,5,3,1,4,3,4,4,4,5,2,4,4,3,4,2,5,4,5,1,5,1,5,2,3,4,3,5,3,"A2,A14,A20","B10,B1","A34,B12,B5,B9",色彩饱和度高，具有视觉冲击力,在面料上选择质感强烈的织物增强表现力
20-25岁,,金融/商业类,,一般,有所了解,5,2,5,2,3,3,3,4,2,4,3,1,3,4,3,3,3,3,4,2,3,3,2,5,1,4,4,2,5,5,4,2,2,4,2,5,4,4,4,4,3,4,1,5,3,3,5,1,5,4,"A23,A10,A33","B9,B6,B7","B9,A29,B5,B3",墨色浓淡相宜，富有层次,在面料上选择质感强烈的织物增强表现力
20-25岁,,时尚/服装类,,一般,有所了解,5,5,3,3,3,3,3,3,3,3,2,3,4,4,4,3,2,3,2,4,2,4,4,4,4,5,3,3,4,4,4,5,2,5,2,5,3,5,3,5,2,5,3,4,1,4,4,4,4,3,"A5,A22,A15","B4,B15,B3","B7,B12,A26,A30",抽象构图结合现代感，符合年轻人口味,在面料上选择质感强烈的织物增强表现力
26-30岁,,时尚/服装类,,不太喜欢,听说过，不太了解,5,3,3,5,4,2,2,5,2,5,3,1,3,3,4,3,3,5,1,3,3,1,1,3,2,5,3,3,5,4,4,2,3,5,2,5,4,5,5,4,1,4,2,5,4,3,4,2,5,3,"A1,A34,A15,A13,A24","B7,B11","A34,B5,A26",抽象构图结合现代感，符合年轻人口味,建议用于男装外套局部图案，如胸口或袖口
31-35岁,,其他,,不太喜欢,有所了解,5,3,2,2,3,2,2,3,5,3,3,2,2,3,4,3,3,4,1,3,4,3,1,2,3,4,4,1,4,4,5,4,4,5,4,5,3,5,4,5,4,5,5,5,4,2,5,4,5,4,"A29,A34,A16","B5,B13","A29,B12,B9,A30,B7",色彩饱和度高，具有视觉冲击力,可用于整件服装印花，形成整体风格
20-25岁,,"艺术/设计类,教育/科研类",,非常喜欢,听说过，不太了解,5,2,2,3,4,3,1,4,2,3,2,5,1,4,3,1,1,3,4,1,4,3,2,1,5,4,2,3,4,5,4,5,3,5,3,4,5,4,3,4,5,4,4,5,1,1,5,4,5,3,"A18,A6,A13,A5","B9,B5","A30,B14,B12",色彩饱和度高，具有视觉冲击力,在面料上选择质感强烈的织物增强表现力
20-25岁,,艺术/设计类,,一般,有所了解,5,1,1,5,3,3,4,3,1,3,2,2,2,3,1,4,3,2,3,4,3,2,2,4,2,4,3,2,5,5,5,4,3,5,3,4,5,5,5,5,3,4,2,4,2,3,5,3,5,3,"A4,A21,A5,A13,A31","B8,B2","A30,A26,B5,B7",墨色浓淡相宜，富有层次,在面料上选择质感强烈的织物增强表现力
26-30岁,,新媒体/互联网类,,非常喜欢,有所了解,5,3,5,1,2,2,4,3,2,2,3,5,3,2,3,3,3,3,3,5,2,4,5,3,2,5,4,2,5,5,4,4,3,5,3,5,3,4,4,5,4,5,3,4,5,3,5,3,4,4,"A1,A28,A8,A29,A13","B1,B5,B13","B7,A31,B3,A29",抽象构图结合现代感，符合年轻人口味,在面料上选择质感强烈的织物增强表现力
26-30岁,,"金融/商业类,新媒体/互联网类",,不太喜欢,有所了解,5,5,3,2,3,3,4,2,4,4,2,1,3,4,3,4,3,3,1,1,4,4,3,3,3,4,3,3,5,5,5,3,3,4,4,5,2,5,3,4,3,5,3,5,2,3,4,3,5,3,"A20,A17,A35,A16,A22","B11,B9,B14","B9,B3,A26,A29",色彩饱和度高，具有视觉冲击力,建议用于男装外套局部图案，如胸口或袖口
26-30岁,,新媒体/互联网类,,非常喜欢,有所了解,4,4,4,4,3,3,4,3,1,5,1,3,3,4,5,5,3,3,1,3,4,3,1,2,3,4,3,3,4,4,5,3,3,5,3,5,5,4,1,5,2,5,3,4,3,3,4,4,4,5,"A31,A32,A11,A12,A5","B11,B5,B2","A34,B9,B12,B5",墨色浓淡相宜，富有层次,可用于整件服装印花，形成整体风格
20-25岁,,"其他,艺术/设计类",,比较喜欢,听说过，不太了解,4,3,3,3,3,4,2,1,3,4,4,3,4,4,2,2,3,2,3,3,3,2,4,3,3,5,2,3,5,5,4,4,5,5,2,5,2,4,4,5,1,4,3,5,3,4,5,5,5,1,"A14,A20,A33","B6,B13,B9","A26,B9,A31,B7",墨色浓淡相宜，富有层次,可用于整件服装印花，形成整体风格
20-25岁,,新媒体/互联网类,,比较喜欢,有所了解,4,2,1,1,3,3,5,2,5,1,3,2,4,1,5,1,2,3,4,5,3,4,4,3,3,4,3,4,5,5,5,4,2,4,1,5,2,4,2,4,2,4,3,5,3,4,5,4,5,5,"A13,A26,A11","B10,B11","A34,B5,B3",色彩饱和度高，具有视觉冲击力,搭配简洁剪裁，突出图案主体性
20-25岁,,文化/创意产业类,,比较喜欢,有所了解,5,3,2,4,3,1,3,3,1,2,5,4,2,3,3,3,3,1,3,2,3,5,5,5,5,4,4,2,5,5,5,3,2,4,5,5,2,4,2,5,5,5,3,5,2,5,5,1,4,3,"A31,A20,A24,A10","B6,B12,B15","A34,B3,A31,B1,B7",色彩饱和度高，具有视觉冲击力,建议用于男装外套局部图案，如胸口或袖口
20-25岁,,其他,,一般,听说过，不太了解,5,2,3,2,5,5,2,4,4,5,3,4,3,1,1,2,2,2,4,4,5,3,5,3,3,5,4,2,5,5,5,5,3,5,5,5,4,5,2,5,2,5,3,4,3,4,5,3,5,5,"A4,A27,A23,A9","B13,B5,B1","A30,B14,B9,A31,B7",抽象构图结合现代感，符合年轻人口味,建议用于男装外套局部图案，如胸口或袖口
20-25岁,,新媒体/互联网类,,不太喜欢,有所了解,5,3,2,2,3,3,3,3,3,4,4,4,5,3,1,2,3,3,5,4,2,3,3,5,1,5,5,5,4,4,5,4,3,5,3,5,4,4,3,5,4,4,3,5,3,5,5,3,5,4,"A25,A21,A13,A14","B14,B5,B2","A30,A29,A34",色彩饱和度高，具有视觉冲击力,在面料上选择质感强烈的织物增强表现力
20-25岁,,"艺术/设计类,其他",,一般,听说过，不太了解,4,1,2,2,4,4,1,2,4,2,5,2,4,3,2,2,3,3,3,2,3,3,3,2,3,5,5,4,4,4,4,2,2,4,2,4,3,4,2,5,2,4,1,5,4,1,5,3,5,4,"A32,A16,A18,A25","B2,B1","A34,A31,B5,B14,B3",抽象构图结合现代感，符合年轻人口味,建议用于男装外套局部图案，如胸口或袖口
